category,category_url,agreement_title,agreement_url
Commercials,https://www.sagaftra.org/production-center/contract/802/getting-started,2022 Commercials Contract Memorandum of Agreement,https://www.sagaftra.org/files/2022%20Commercials%20Contract%20Memorandum%20of%20Agreement_1.pdf
Commercials,https://www.sagaftra.org/production-center/contract/802/getting-started,2023 Low Budget Digital Waiver (LBDW),https://www.sagaftra.org/files/sa_documents/Low%20Budget%20Digital%20Waiver%202023%20Bulletin(170671.pdf
Commercials,https://www.sagaftra.org/production-center/contract/802/getting-started,2024 Low Budget Digital Waiver (LBDW),https://www.sagaftra.org/files/sa_documents/2024%20Low%20Budget%20Digital%20Waiver.pdf
Commercials,https://www.sagaftra.org/production-center/contract/802/getting-started,2022 National Cable Waiver,https://www.sagaftra.org/files/sa_documents/2023%20Cable%20Sideletter(170654769.1).pdf
Commercials,https://www.sagaftra.org/production-center/contract/802/getting-started,2022 Political Commercial Waiver,https://www.sagaftra.org/files/sa_documents/2022%20SAG-AFTRA%20Political%20Commercial%20Waiver%20SAMPLE.pdf
Commercials,https://www.sagaftra.org/production-center/contract/802/getting-started,2020 SAG-AFTRA/JPC Commercials Low Budget Digital Waiver,https://www.sagaftra.org/files/2020LowBudgetDigitalWaiver.pdf
Commercials,https://www.sagaftra.org/production-center/contract/802/getting-started,Diginet Waiver,https://www.sagaftra.org/files/DiginetsWaiver_11.2021.pdf
Commercials,https://www.sagaftra.org/production-center/contract/802/getting-started,2016 Commercials Contract E-Book,https://www.sagaftra.org/files/sagaftra_commercial_cntrct_ebook.pdf
Commercials,https://www.sagaftra.org/production-center/contract/802/getting-started,2022 Influencer-Produced Sponsored Content Waiver,https://www.sagaftra.org/files/Waiver%20for%20Influencer-Produced%20Sponsored%20Content.pdf
Commercials,https://www.sagaftra.org/production-center/contract/802/getting-started,2022 Infomercial Agreement,https://www.sagaftra.org/files/2022%20SAG-AFTRA%20Infomercial%20Agreement%20FINAL_1.pdf
Commercials,https://www.sagaftra.org/production-center/contract/802/getting-started,2022 SAG-AFTRA Jingle Agreement,https://www.sagaftra.org/files/sa_documents/2022%20Jingle%20Agreement%20(1).pdf
Commercials,https://www.sagaftra.org/production-center/contract/802/getting-started,2016 Commercials Contract E-Book,https://www.sagaftra.org/files/sagaftra_commercial_cntrct_ebook.pdf
Commercials,https://www.sagaftra.org/production-center/contract/802/getting-started,2019 Commercials Contract Memorandum of Agreement,https://www.sagaftra.org/files/2019CommercialsContractMOA_FullyExecuted_Signed.pdf
Commercials,https://www.sagaftra.org/production-center/contract/802/getting-started,2019 Infomercial Agreement,https://www.sagaftra.org/files/SAG-AFTRA_Infomercial_Agreement.pdf
Commercials,https://www.sagaftra.org/production-center/contract/802/getting-started,JPC & SAG-AFTRA Covid Modifications,https://www.sagaftra.org/files/sa_documents/Update%20on%20trigger%20escalation%20%282%29.pdf
Commercials,https://www.sagaftra.org/production-center/contract/802/getting-started,Termination of the COVID-19 Commercial Production Safety and Testing Protocol Agreement,https://www.sagaftra.org/files/sa_documents/Notice%20of%20End%20of%20Commercial%20COVID%20Protocols%202023.docx_.pdf
Commercials,https://www.sagaftra.org/production-center/contract/802/getting-started,Extension to the COVID-19 Commercial Production Safety and Testing  Protocol Agreement,https://www.sagaftra.org/files/sa_documents/12.21.22%20Safety%20Protocol%20extension%20(1).pdf
Commercials,https://www.sagaftra.org/production-center/contract/802/getting-started,Amended COVID‐19 Commercial Production Safety and Testing Protocols,https://www.sagaftra.org/files/September%201%2C%202022%20COVID%20Protocols.pdf
Commercials,https://www.sagaftra.org/production-center/contract/802/getting-started,Commercial Safety Protocols,https://www.sagaftra.org/files/COVID-19ProtocolsSAG-AFTRA_Commercial_%20PerformersSafeReturntoWork_amended4.22.21.pdf
Commercials,https://www.sagaftra.org/production-center/contract/802/getting-started,COVID-19 Protocols for In-Person Commercial Auditions,https://www.sagaftra.org/files/COVID-19ProtocolsforLiveCommercialCastingSessions.pdf
Commercials,https://www.sagaftra.org/production-center/contract/802/getting-started,2022 Audio Commercials Contract Memorandum of Agreement,https://www.sagaftra.org/files/2022%20Audio%20Commercials%20Contract%20Memorandum%20of%20Agreement_0.pdf
Commercials,https://www.sagaftra.org/production-center/contract/802/getting-started,Dynamic Audio Waiver,https://www.sagaftra.org/files/2022%20Dynamic%20Audio%20Waiver%20FINAL.pdf
Commercials,https://www.sagaftra.org/production-center/contract/802/getting-started,Dynamic A.I. Audio Commercials Waiver,https://www.sagaftra.org/files/sa_documents/Dynamic%20A.I.%20Audio%20Commercials%20Waiver.pdf
Commercials,https://www.sagaftra.org/production-center/contract/802/getting-started,2022 SAG-AFTRA Jingle Agreement,https://www.sagaftra.org/files/sa_documents/2022%20Jingle%20Agreement%20(1).pdf
Commercials,https://www.sagaftra.org/production-center/contract/802/getting-started,2016 Audio Commercials Contract E-Book,https://www.sagaftra.org/files/sa_documents/2016%20sagaftra_audio_commercial_cntrct_ebook.pdf
Commercials,https://www.sagaftra.org/production-center/contract/802/getting-started,2019 Audio Commercials Contract Memorandum of Agreement,https://www.sagaftra.org/files/sa_documents/2019%20Audio%20Commercials%20Contract%20MOA%20without%20rate%20sheets_0.pdf
Commercials,https://www.sagaftra.org/production-center/contract/802/getting-started,2022 Commercials Contract Memorandum of Agreement,https://www.sagaftra.org/sites/default/files/2022%20Commercials%20Contract%20Memorandum%20of%20Agreement_1.pdf
Commercials,https://www.sagaftra.org/production-center/contract/802/getting-started,2023 Low Budget Digital Waiver (LBDW),https://www.sagaftra.org/sites/default/files/Low%20Budget%20Digital%20Waiver%202023%20Bulletin%28170671524.2%29%20%282%29%20%281%29.pdf
Commercials,https://www.sagaftra.org/production-center/contract/802/getting-started,2022 National Cable Waiver,https://www.sagaftra.org/sites/default/files/2023%20Cable%20Sideletter%28170654769.1%29%20%283%29.pdf
Commercials,https://www.sagaftra.org/production-center/contract/802/getting-started,2020 SAG-AFTRA/JPC Commercials Low Budget Digital Waiver,https://www.sagaftra.org/sites/default/files/2020LowBudgetDigitalWaiver.pdf
Commercials,https://www.sagaftra.org/production-center/contract/802/getting-started,Diginet Waiver,https://www.sagaftra.org/sites/default/files/DiginetsWaiver_11.2021.pdf
Commercials,https://www.sagaftra.org/production-center/contract/802/getting-started,2016 Commercials Contract E-Book,https://www.sagaftra.org/sites/default/files/sagaftra_commercial_cntrct_ebook.pdf
Commercials,https://www.sagaftra.org/production-center/contract/802/getting-started,2022 Influencer-Produced Sponsored Content Waiver,https://www.sagaftra.org/sites/default/files/Waiver%20for%20Influencer-Produced%20Sponsored%20Content.pdf
Corporate / Educational,https://www.sagaftra.org/production-center/contract/803/getting-started,2022 Corporate Educational and Non-Broadcast Contract Ebook,https://www.sagaftra.org/sites/default/files/Corporate%20Educational%20and%20Non-Broadcast%20Contract%20Ebook.pdf
Corporate / Educational,https://www.sagaftra.org/production-center/contract/803/getting-started,12/21/22 Extension to the COVID-19 Co/Ed & Non-Broadcast Contract Production Safety & Testing Protocol Agreement,https://www.sagaftra.org/sites/default/files/Co-Ed%2012.22.22%20Safety%20Protocol%20extension.pdf
Corporate / Educational,https://www.sagaftra.org/production-center/contract/803/getting-started,Notice of Termination of Co-Ed COVID Protocols 2023,https://www.sagaftra.org/sites/default/files/Notice%20of%20End%20of%20Co-Ed%20COVID%20Protocols%202023.docx%20%283%29.pdf
Corporate / Educational,https://www.sagaftra.org/production-center/contract/803/getting-started,COVID-19 Production Safety and Testing Protocol Agreement for Corporate-Educational and Non-Broadcast Contracts,https://www.sagaftra.org/sites/default/files/CoEdProtocols.pdf
Corporate / Educational,https://www.sagaftra.org/production-center/contract/803/getting-started,2022 Corporate-Educational & Non-Broadcast Print Campaign Waiver,https://www.sagaftra.org/sites/default/files/2022%20Co-Ed%20Print%20Campaign%20waiver%20LOA.pdf
Corporate / Educational,https://www.sagaftra.org/production-center/contract/803/getting-started,Corporate/Educational & Non-Broadcast Auto/Trade Show Waiver,https://www.sagaftra.org/sites/default/files/Co-EdAutoShowTradeShowWaiverLOAOPO.pdf
Corporate / Educational,https://www.sagaftra.org/production-center/contract/803/getting-started,2022 Atlanta Local Corporate-Educational Code,https://www.sagaftra.org/sites/default/files/2022%20Atlanta%20Local%20Co_Ed%20Code%201.31.23.pdf
Corporate / Educational,https://www.sagaftra.org/production-center/contract/803/getting-started,2022 Arizona-Utah Local Corporate-Educational Code,https://www.sagaftra.org/sites/default/files/2022%20Arizona-Utah%20Local%20Co_Ed%20Code%201.31.23%20%281%29.pdf
Corporate / Educational,https://www.sagaftra.org/production-center/contract/803/getting-started,2022 Chicago Local Corporate-Educational Code,https://www.sagaftra.org/sites/default/files/2022%20Chicago%20Local%20Co_Ed%20Code%202.23.pdf
Corporate / Educational,https://www.sagaftra.org/production-center/contract/803/getting-started,2022 Hawaii Local Corporate-Educational Code,https://www.sagaftra.org/sites/default/files/2022%20Hawaii%20Local%20Co_Ed%20Code%202.23.pdf
Dubbing,https://www.sagaftra.org/production-center/contract/895/getting-started,Modified Dubbing Agreement,https://www.sagaftra.org/sites/default/files/2022SAG-AFTRADubbingAgreement_0.pdf
Dubbing,https://www.sagaftra.org/production-center/contract/895/getting-started,Spanish Language Modification (Dubbing) Agreement,https://www.sagaftra.org/sites/default/files/SAG-AFTRA%20Spanish%20Language%20Modification%20%28Dubbing%29.pdf
Dubbing,https://www.sagaftra.org/production-center/contract/895/getting-started,Netflix Dubbing Agreement,https://www.sagaftra.org/sites/default/files/ReferenceOnly-NetflixDubbingAgreement.pdf
Dubbing,https://www.sagaftra.org/production-center/contract/895/getting-started,Negotiated Dubbing Employers Agreement,https://www.sagaftra.org/sites/default/files/Negotiated%20Dubbing%20Employers%20Agreement.pdf
Dubbing,https://www.sagaftra.org/production-center/contract/895/getting-started,Netflix Agreement MOA,https://www.sagaftra.org/sites/default/files/2022%20SAG-AFTRA-Netflix%20MOA%20%28FINAL%29%209.20.22.pdf
Interactive,https://www.sagaftra.org/production-center/contract/820/getting-started,2024 Tiered-Budget Independent Interactive Media Agreemen,https://www.sagaftra.org/sites/default/files/2024%20Tiered-Budget%20Independent%20Interactive%20Media%20Agreement_1.pdf
Interactive,https://www.sagaftra.org/production-center/contract/820/getting-started,2024 Independent Interactive Localization Agreement,https://www.sagaftra.org/sites/default/files/2024%20Independent%20Interactive%20Localization%20Agreement_0.pdf
Interactive,https://www.sagaftra.org/production-center/contract/820/getting-started,Interim Interactive Media Agreement,https://www.sagaftra.org/sites/default/files/Interim%20Interactive%20Media%20Agreement.pdf
Interactive,https://www.sagaftra.org/production-center/contract/820/getting-started,2011-2014 AFTRA Interactive Media Agreement (base agreement),https://www.sagaftra.org/sites/default/files/2011%20-%202014%20AFTRA%20IMA%20and%20Sideletters%20-%20FINAL.pdf
Interactive,https://www.sagaftra.org/production-center/contract/820/getting-started,2017 Interactive Media Memorandum of Agreement (2017 updates),https://www.sagaftra.org/sites/default/files/2017SAG-AFTRAIMAMOAwSchA_final.pdf
Interactive,https://www.sagaftra.org/production-center/contract/820/getting-started,2020 Interactive Media Memorandum of Agreement (2020 updates),https://www.sagaftra.org/sites/default/files/2020SAG-AFTRAIMAExtension.pdf
Interactive,https://www.sagaftra.org/production-center/contract/820/getting-started,2020 Interactive Localization Agreement,https://www.sagaftra.org/sites/default/files/2020InteractiveLocalizationAgreement.pdf
Interactive,https://www.sagaftra.org/production-center/contract/820/getting-started,Interim Interactive Media Localization Agreement,https://www.sagaftra.org/sites/default/files/Interim%20Interactive%20Media%20Localization%20Agreement.pdf
Music Videos,https://www.sagaftra.org/production-center/contract/804/getting-started,2017 Music Video Agreement Memorandum,https://www.sagaftra.org/sites/default/files/2017%20Music%20Video%20Agreement%20MOA%20%28rev.%2005.01.18%29.pdf
Music Videos,https://www.sagaftra.org/production-center/contract/804/getting-started,2012 Music Video Agreement,https://www.sagaftra.org/sites/default/files/independent_mv_agreement_0.pdf
New Media Contracts,https://www.sagaftra.org/production-center/contract/884/getting-started,New Media Side Letter.pdf,https://www.sagaftra.org/files/nm_sideletter.pdf
New Media Contracts,https://www.sagaftra.org/production-center/contract/884/getting-started,New Media Agreement.pdf,https://www.sagaftra.org/files/new_media_agreement.pdf
New Media Contracts,https://www.sagaftra.org/production-center/contract/884/getting-started,New Media Summary.pdf,https://www.sagaftra.org/files/new_media_summary.pdf
New Media Contracts,https://www.sagaftra.org/production-center/contract/884/getting-started,New Media Rate Sheet.pdf,https://www.sagaftra.org/files/new_media_rate_sheet.pdf
New Media Contracts,https://www.sagaftra.org/production-center/contract/884/getting-started,New Media Low Budget Side Letter.pdf,https://www.sagaftra.org/files/new_media_low_budget_sideletter.pdf
New Media Contracts,https://www.sagaftra.org/production-center/contract/884/getting-started,New Media Low Budget Rate Sheet.pdf,https://www.sagaftra.org/files/new_media_low_budget_rate_sheet.pdf
New Media Contracts,https://www.sagaftra.org/production-center/contract/884/getting-started,New Media Ultra Low Budget Side Letter.pdf,https://www.sagaftra.org/files/new_media_ultra_low_budget_sideletter.pdf
New Media Contracts,https://www.sagaftra.org/production-center/contract/884/getting-started,New Media Ultra Low Budget Rate Sheet.pdf,https://www.sagaftra.org/files/new_media_ultra_low_budget_rate_sheet.pdf
New Media Contracts,https://www.sagaftra.org/production-center/contract/884/getting-started,New Media Short Project Agreement.pdf,https://www.sagaftra.org/files/new_media_short_project_agreement.pdf
New Media Contracts,https://www.sagaftra.org/production-center/contract/884/getting-started,New Media Short Project Rate Sheet.pdf,https://www.sagaftra.org/files/new_media_short_project_rate_sheet.pdf
New Media Contracts,https://www.sagaftra.org/production-center/contract/884/getting-started,New Media Micro Budget Project Agreement.pdf,https://www.sagaftra.org/files/new_media__micro_budget_project_agreement.pdf
New Media Contracts,https://www.sagaftra.org/production-center/contract/884/getting-started,New Media Micro Budget Project Rate Sheet.pdf,https://www.sagaftra.org/files/new_media_micro_budget_project_rate_sheet.pdf
New Media Contracts,https://www.sagaftra.org/production-center/contract/884/getting-started,Special New Media Agreement.pdf,https://www.sagaftra.org/files/special_new_media_agreement.pdf
New Media Contracts,https://www.sagaftra.org/production-center/contract/884/getting-started,Special New Media Rate Sheet.pdf,https://www.sagaftra.org/files/special_new_media_rate_sheet.pdf
New Media Contracts,https://www.sagaftra.org/production-center/contract/884/getting-started,Special New Media Summary.pdf,https://www.sagaftra.org/files/special_new_media_summary.pdf
New Media Contracts,https://www.sagaftra.org/production-center/contract/884/getting-started,Moderate Low Budget New Media Agreement.pdf,https://www.sagaftra.org/files/moderate_low_budget_new_media_agreement.pdf
New Media Contracts,https://www.sagaftra.org/production-center/contract/884/getting-started,Moderate Low Budget New Media Rate Sheet.pdf,https://www.sagaftra.org/files/moderate_low_budget_new_media_rate_sheet.pdf
New Media Contracts,https://www.sagaftra.org/production-center/contract/884/getting-started,Ultra Low Budget New Media Agreement.pdf,https://www.sagaftra.org/files/ultra_low_budget_new_media_agreement.pdf
New Media Contracts,https://www.sagaftra.org/production-center/contract/884/getting-started,Ultra Low Budget New Media Rate Sheet.pdf,https://www.sagaftra.org/files/ultra_low_budget_new_media_rate_sheet.pdf
Sound Recordings,https://www.sagaftra.org/production-center/contract/806/getting-started,2021-2026 Sound Recordings Code MOA,https://www.sagaftra.org/sites/default/files/2021-2026%20Sound%20Recordings%20Code%20MOA.pdf
Sound Recordings,https://www.sagaftra.org/production-center/contract/806/getting-started,Sound Recordings Code Appendix on Artificial Intelligence,https://www.sagaftra.org/sites/default/files/Sound%20Recordings%20Code%20Appendix%20on%20Artificial%20Intelligence.pdf
Sound Recordings,https://www.sagaftra.org/production-center/contract/806/getting-started,2018-2020 Sound Recordings MOA,https://www.sagaftra.org/sites/default/files/2018-2020%20Sound%20Recordings%20MOA.pdf
Sound Recordings,https://www.sagaftra.org/production-center/contract/806/getting-started,2015-2017 Sound Recordings Code MOA,https://www.sagaftra.org/sites/default/files/2015-2017_sound_recordings_moa.pdf
Sound Recordings,https://www.sagaftra.org/production-center/contract/806/getting-started,2010-2011 Sound Recordings Code Extension,https://www.sagaftra.org/sites/default/files/10-11_sr_extension_signed_0.pdf
Sound Recordings,https://www.sagaftra.org/production-center/contract/806/getting-started,2012 Music Video Supplement to Sound Recordings Code,https://www.sagaftra.org/sites/default/files/mv_supplement_to_src_0.pdf
Sound Recordings,https://www.sagaftra.org/production-center/contract/806/getting-started,2012-2014 Sound Recordings Code MOA,https://www.sagaftra.org/sites/default/files/2012_-_2014_sr_code_moa_0.pdf
Sound Recordings,https://www.sagaftra.org/production-center/contract/806/getting-started,2007-2010 Sound Recordings Code MOA,https://www.sagaftra.org/sites/default/files/07-10_sound_recordings_moa_0.pdf
Sound Recordings,https://www.sagaftra.org/production-center/contract/806/getting-started,2006-2007 Sound Recordings Code Extension,https://www.sagaftra.org/sites/default/files/06-07_sr_moa_0.pdf
Sound Recordings,https://www.sagaftra.org/production-center/contract/806/getting-started,2002-2006 Sound Recordings Code,https://www.sagaftra.org/sites/default/files/2002-2006_aftra_national_code_of_fair_practice_for_sound_recordings.pdf
Television Contracts,https://www.sagaftra.org/production-center/contract/807/getting-started,,
Theatrical Contracts,https://www.sagaftra.org/production-center/contract/813/getting-started,Contract Rates and Digests,https://www.sagaftra.org/industry-resources/rates-agreements
Basic Cable Animation,https://www.sagaftra.org/production-center/contract/808/getting-started,2023 Basic Cable Animation Agreement,https://www.sagaftra.org/sites/default/files/2023%20Basic%20Cable%20Animation%20Agreement.PDF
Basic Cable Animation,https://www.sagaftra.org/production-center/contract/808/getting-started,2020 Theatrical/Television MOA,https://www.sagaftra.org/sites/default/files/2020%20SAG-AFTRA%20MOA%207-22-20%20%2800223283xBE9D7%29-signed.pdf
Basic Cable Animation,https://www.sagaftra.org/production-center/contract/808/getting-started,2023 Theatrical/Television MOA,https://www.sagaftra.org/sites/default/files/2023_Theatrical_Television_MOA.pdf
Basic Cable Animation,https://www.sagaftra.org/production-center/contract/808/getting-started,2020 Television Animation Agreement,https://www.sagaftra.org/sites/default/files/2020%20MOA%20SAG-AFTRA%20Animation%20TV%20Agreement.pdf
Basic Cable Animation,https://www.sagaftra.org/production-center/contract/808/getting-started,2017 Theatrical/Television MOA,https://www.sagaftra.org/sites/default/files/2017_sag-aftra_theatrical-television_moa_7.pdf
Basic Cable Animation,https://www.sagaftra.org/production-center/contract/808/getting-started,2020 Basic Cable Animation Agreement,https://www.sagaftra.org/sites/default/files/2020%20MOA%20SAG-AFTRA%20Animation%20Basic%20Cable.pdf
Basic Cable Animation,https://www.sagaftra.org/production-center/contract/808/getting-started,2018 Basic Cable Animation Agreement,https://www.sagaftra.org/sites/default/files/2018%20MOA%20SAG-AFTRA%20MOA%20Basic%20Cable%20Animation.pdf
Basic Cable Animation,https://www.sagaftra.org/production-center/contract/808/getting-started,2014 SAG-AFTRA TV Agreement,https://www.sagaftra.org/sites/default/files/2014_sag-aftra_tv_agreement_7.pdf
Basic Cable Live Action,https://www.sagaftra.org/production-center/contract/809/getting-started,2020 Theatrical/Television MOA,https://www.sagaftra.org/sites/default/files/2020%20SAG-AFTRA%20MOA%207-22-20%20%2800223283xBE9D7%29-signed.pdf
Basic Cable Live Action,https://www.sagaftra.org/production-center/contract/809/getting-started,2023 Theatrical/Television MOA,https://www.sagaftra.org/sites/default/files/2023_Theatrical_Television_MOA.pdf
Basic Cable Live Action,https://www.sagaftra.org/production-center/contract/809/getting-started,2017 Theatrical/Television MOA,https://www.sagaftra.org/sites/default/files/2017_sag-aftra_theatrical-television_moa_7.pdf
Basic Cable Live Action,https://www.sagaftra.org/production-center/contract/809/getting-started,2014 SAG-AFTRA Basic Agreement,https://www.sagaftra.org/sites/default/files/2014_sag-aftra_cba_1.pdf
Basic Cable Live Action,https://www.sagaftra.org/production-center/contract/809/getting-started,2014 SAG-AFTRA TV Agreement,https://www.sagaftra.org/sites/default/files/2014_sag-aftra_tv_agreement_7.pdf
Basic Cable Live Action,https://www.sagaftra.org/production-center/contract/809/getting-started,2014 Television Adherence Letter,https://www.sagaftra.org/sites/default/files/adherence_letter_television_2_4_1.pdf
Television,https://www.sagaftra.org/production-center/contract/810/getting-started,2024 MOA National Code of Fair Practice for Network TV Broadcasting,https://www.sagaftra.org/sites/default/files/2024%20MOA%20National%20Code%20of%20Fair%20Practice%20for%20Network%20TV%20Broadcasting.pdf
Television,https://www.sagaftra.org/production-center/contract/810/getting-started,2020 Theatrical/Television MOA,https://www.sagaftra.org/sites/default/files/2020%20SAG-AFTRA%20MOA%207-22-20%20%2800223283xBE9D7%29-signed.pdf
Television,https://www.sagaftra.org/production-center/contract/810/getting-started,2023 Theatrical/Television MOA,https://www.sagaftra.org/sites/default/files/2023_Theatrical_Television_MOA.pdf
Television,https://www.sagaftra.org/production-center/contract/810/getting-started,2021 MOA National Code of Fair Practice for Network TV Broadcasting,https://www.sagaftra.org/sites/default/files/Network%20Code%202021-24%20MOA%20FE.pdf
Television,https://www.sagaftra.org/production-center/contract/810/getting-started,2017 Theatrical/Television MOA,https://www.sagaftra.org/sites/default/files/2017_sag-aftra_theatrical-television_moa_7.pdf
Television,https://www.sagaftra.org/production-center/contract/810/getting-started,Memorandum of Agreement Theatrical-Television 2014,https://www.sagaftra.org/sites/default/files/memorandum_of_agreement_theatrical_television_2014_1_3_11.pdf
Television,https://www.sagaftra.org/production-center/contract/810/getting-started,2014-2018 SAG-AFTRA Network Code,https://www.sagaftra.org/sites/default/files/2014-2018_network_television_code_v13.pdf
Television,https://www.sagaftra.org/production-center/contract/810/getting-started,2018 MOA National Code of Fair Practice for Network TV Broadcasting,https://www.sagaftra.org/sites/default/files/2018MOA-TV-National-Code_0.pdf
Television,https://www.sagaftra.org/production-center/contract/810/getting-started,2018-2022 National Public Television MOA,https://www.sagaftra.org/sites/default/files/2018-2022PublicTVMOAFE_0.pdf
Television,https://www.sagaftra.org/production-center/contract/810/getting-started,2014 SAG-AFTRA TV Agreement,https://www.sagaftra.org/sites/default/files/2014_sag-aftra_tv_agreement_7.pdf
Television Animation,https://www.sagaftra.org/production-center/contract/811/getting-started,2023 Television Animation Agreement,https://www.sagaftra.org/sites/default/files/2023%20Television%20Animation%20Agreement.PDF
Television Animation,https://www.sagaftra.org/production-center/contract/811/getting-started,2020 Theatrical/Television MOA,https://www.sagaftra.org/sites/default/files/2020%20SAG-AFTRA%20MOA%207-22-20%20%2800223283xBE9D7%29-signed.pdf
Television Animation,https://www.sagaftra.org/production-center/contract/811/getting-started,2023 Theatrical/Television MOA,https://www.sagaftra.org/sites/default/files/2023_Theatrical_Television_MOA.pdf
Television Animation,https://www.sagaftra.org/production-center/contract/811/getting-started,2020 Television Animation Agreement,https://www.sagaftra.org/sites/default/files/2020%20MOA%20SAG-AFTRA%20Animation%20TV%20Agreement.pdf
Television Animation,https://www.sagaftra.org/production-center/contract/811/getting-started,2018 Television Animation Agreement,https://www.sagaftra.org/sites/default/files/2018%20SAG-AFTRA%20MOA%20TV%20Animation.pdf
Television Animation,https://www.sagaftra.org/production-center/contract/811/getting-started,2017 Theatrical/Television MOA,https://www.sagaftra.org/sites/default/files/2017_sag-aftra_theatrical-television_moa_7.pdf
Television Animation,https://www.sagaftra.org/production-center/contract/811/getting-started,2014 Television Animation Agreement,https://www.sagaftra.org/sites/default/files/television_animation_agreement_sag_aftra_1_45_0.pdf
Television Animation,https://www.sagaftra.org/production-center/contract/811/getting-started,2014 SAG-AFTRA TV Agreement,https://www.sagaftra.org/sites/default/files/2014_sag-aftra_tv_agreement_7.pdf
Television Live Action,https://www.sagaftra.org/production-center/contract/812/getting-started,2024 MOA National Code of Fair Practice for Network TV Broadcasting,https://www.sagaftra.org/sites/default/files/2024%20MOA%20National%20Code%20of%20Fair%20Practice%20for%20Network%20TV%20Broadcasting.pdf
Television Live Action,https://www.sagaftra.org/production-center/contract/812/getting-started,2020 Theatrical/Television MOA,https://www.sagaftra.org/sites/default/files/2020%20SAG-AFTRA%20MOA%207-22-20%20%2800223283xBE9D7%29-signed.pdf
Television Live Action,https://www.sagaftra.org/production-center/contract/812/getting-started,2023 Theatrical/Television MOA,https://www.sagaftra.org/sites/default/files/2023_Theatrical_Television_MOA.pdf
Television Live Action,https://www.sagaftra.org/production-center/contract/812/getting-started,2021 MOA National Code of Fair Practice for Network TV Broadcasting,https://www.sagaftra.org/sites/default/files/Network%20Code%202021-24%20MOA%20FE.pdf
Television Live Action,https://www.sagaftra.org/production-center/contract/812/getting-started,2017 Theatrical/Television MOA,https://www.sagaftra.org/sites/default/files/2017_sag-aftra_theatrical-television_moa_7.pdf
Television Live Action,https://www.sagaftra.org/production-center/contract/812/getting-started,2014-2018 SAG-AFTRA Network Code,https://www.sagaftra.org/sites/default/files/2014-2018_network_television_code_v13.pdf
Television Live Action,https://www.sagaftra.org/production-center/contract/812/getting-started,2018 MOA National Code of Fair Practice for Network TV Broadcasting,https://www.sagaftra.org/sites/default/files/2018MOA-TV-National-Code_0.pdf
Television Live Action,https://www.sagaftra.org/production-center/contract/812/getting-started,2018-2022 National Public Television MOA,https://www.sagaftra.org/sites/default/files/2018-2022PublicTVMOAFE_0.pdf
Television Live Action,https://www.sagaftra.org/production-center/contract/812/getting-started,2014 SAG-AFTRA Basic Agreement,https://www.sagaftra.org/sites/default/files/2014_sag-aftra_cba_1.pdf
Television Live Action,https://www.sagaftra.org/production-center/contract/812/getting-started,2014 SAG-AFTRA TV Agreement,https://www.sagaftra.org/sites/default/files/2014_sag-aftra_tv_agreement_7.pdf
Theatrical (Basic or CBA),https://www.sagaftra.org/production-center/contract/818/getting-started,2020 Theatrical/Television MOA,https://www.sagaftra.org/sites/default/files/2020%20SAG-AFTRA%20MOA%207-22-20%20%2800223283xBE9D7%29-signed.pdf
Theatrical (Basic or CBA),https://www.sagaftra.org/production-center/contract/818/getting-started,2023 Theatrical/Television MOA,https://www.sagaftra.org/sites/default/files/2023_Theatrical_Television_MOA.pdf
Theatrical (Basic or CBA),https://www.sagaftra.org/production-center/contract/818/getting-started,2017 Theatrical/Television MOA,https://www.sagaftra.org/sites/default/files/2017_sag-aftra_theatrical-television_moa_7.pdf
Theatrical (Basic or CBA),https://www.sagaftra.org/production-center/contract/818/getting-started,2014 SAG-AFTRA Basic Agreement,https://www.sagaftra.org/sites/default/files/2014_sag-aftra_cba_1.pdf
Theatrical (Basic or CBA),https://www.sagaftra.org/production-center/contract/818/getting-started,2020 Theatrical Adherence Letter,https://www.sagaftra.org/sites/default/files/Independent%28TH%29AdherenceLetter%20%5BSAMPLE%5D.pdf
Low Budget Theatrical (LBA),https://www.sagaftra.org/production-center/contract/814/getting-started,Low Budget Theatrical Agreement (LBA),https://www.sagaftra.org/sites/default/files/Low%20Budget%20Agreement%20Rev.%202.21.23%20SAMPLE.pdf
Low Budget Theatrical (LBA),https://www.sagaftra.org/production-center/contract/814/getting-started,2020 Theatrical/Television MOA,https://www.sagaftra.org/sites/default/files/2020%20SAG-AFTRA%20MOA%207-22-20%20%2800223283xBE9D7%29-signed.pdf
Low Budget Theatrical (LBA),https://www.sagaftra.org/production-center/contract/814/getting-started,2023 Theatrical/Television MOA,https://www.sagaftra.org/sites/default/files/2023_Theatrical_Television_MOA.pdf
Low Budget Theatrical (LBA),https://www.sagaftra.org/production-center/contract/814/getting-started,2017 Theatrical/Television MOA,https://www.sagaftra.org/sites/default/files/2017_sag-aftra_theatrical-television_moa_7.pdf
Low Budget Theatrical (LBA),https://www.sagaftra.org/production-center/contract/814/getting-started,2014 SAG-AFTRA Basic Agreement,https://www.sagaftra.org/sites/default/files/2014_sag-aftra_cba_1.pdf
Low Budget Theatrical (LBA),https://www.sagaftra.org/production-center/contract/814/getting-started,2020 Theatrical Adherence Letter,https://www.sagaftra.org/sites/default/files/Independent%28TH%29AdherenceLetter%20%5BSAMPLE%5D.pdf
Moderate Low Budget Project (MPA),https://www.sagaftra.org/production-center/contract/815/getting-started,Moderate Low Budget Project Agreement (MPA),https://www.sagaftra.org/sites/default/files/Moderate%20Low%20Budget%20Project%20Agreement%20%28MPA%29%20Rev.%202.21.23%20SAMPLE.pdf
Moderate Low Budget Project (MPA),https://www.sagaftra.org/production-center/contract/815/getting-started,2020 Theatrical/Television MOA,https://www.sagaftra.org/sites/default/files/2020%20SAG-AFTRA%20MOA%207-22-20%20%2800223283xBE9D7%29-signed.pdf
Moderate Low Budget Project (MPA),https://www.sagaftra.org/production-center/contract/815/getting-started,2023 Theatrical/Television MOA,https://www.sagaftra.org/sites/default/files/2023_Theatrical_Television_MOA.pdf
Moderate Low Budget Project (MPA),https://www.sagaftra.org/production-center/contract/815/getting-started,2017 Theatrical/Television MOA,https://www.sagaftra.org/sites/default/files/2017_sag-aftra_theatrical-television_moa_7.pdf
Moderate Low Budget Project (MPA),https://www.sagaftra.org/production-center/contract/815/getting-started,2014 SAG-AFTRA Basic Agreement,https://www.sagaftra.org/sites/default/files/2014_sag-aftra_cba_1.pdf
Moderate Low Budget Project (MPA),https://www.sagaftra.org/production-center/contract/815/getting-started,2020 Indie Adherence Letter Non-episodic,https://www.sagaftra.org/sites/default/files/IndieAdherenceLetterNon-Episodic-12.1.20Sample.pdf
Ultra Low Budget Project (UPA),https://www.sagaftra.org/production-center/contract/819/getting-started,Ultra Low Budget Project Agreement (UPA),https://www.sagaftra.org/sites/default/files/Ultra%20Low%20Budget%20Project%20Agreement%20%28UPA%29%20Rev.%203.21.23%20SAMPLE.pdf
Ultra Low Budget Project (UPA),https://www.sagaftra.org/production-center/contract/819/getting-started,2020 Theatrical/Television MOA,https://www.sagaftra.org/sites/default/files/2020%20SAG-AFTRA%20MOA%207-22-20%20%2800223283xBE9D7%29-signed.pdf
Ultra Low Budget Project (UPA),https://www.sagaftra.org/production-center/contract/819/getting-started,2023 Theatrical/Television MOA,https://www.sagaftra.org/sites/default/files/2023_Theatrical_Television_MOA.pdf
Ultra Low Budget Project (UPA),https://www.sagaftra.org/production-center/contract/819/getting-started,2017 Theatrical/Television MOA,https://www.sagaftra.org/sites/default/files/2017_sag-aftra_theatrical-television_moa_7.pdf
Ultra Low Budget Project (UPA),https://www.sagaftra.org/production-center/contract/819/getting-started,2014 SAG-AFTRA Basic Agreement,https://www.sagaftra.org/sites/default/files/2014_sag-aftra_cba_1.pdf
Ultra Low Budget Project (UPA),https://www.sagaftra.org/production-center/contract/819/getting-started,2020 Indie Adherence Letter Non-episodic,https://www.sagaftra.org/sites/default/files/IndieAdherenceLetterNon-Episodic-12.1.20Sample.pdf
Short Project (SPA),https://www.sagaftra.org/production-center/contract/886/getting-started,Short Project Agreement (SPA),https://www.sagaftra.org/sites/default/files/Short%20Project%20Agreement%20%28SPA%29%20Rev.%202.21.23%20SAMPLE.pdf
Student Film,https://www.sagaftra.org/production-center/contract/817/getting-started,Student Film Agreement,https://www.sagaftra.org/sites/default/files/studentfilmagreement_1_11_0_0.pdf
Micro-Budget Projects,https://www.sagaftra.org/production-center/contract/968/getting-started,Micro-Budget Project Agreement,https://www.sagaftra.org/sites/default/files/2020_Micro-Budget_Project_%20AgreementWatermark.pdf
New Media (Deferrable),https://www.sagaftra.org/production-center/contract/805/getting-started,2017 New Media Agreement for Dramatic Programs (Deferrable),https://www.sagaftra.org/sites/default/files/2017_new_media_agreement_for_dramatic_programs_sample.pdf
New Media (Deferrable),https://www.sagaftra.org/production-center/contract/805/getting-started,2023 Theatrical/Television MOA,https://www.sagaftra.org/sites/default/files/2023_Theatrical_Television_MOA.pdf
Special New Media,https://www.sagaftra.org/production-center/contract/908/getting-started,2023 Theatrical/Television MOA,https://www.sagaftra.org/sites/default/files/2023_Theatrical_Television_MOA.pdf
Moderate Low Budget Project,https://www.sagaftra.org/production-center/contract/909/getting-started,Moderate Low Budget Project Agreement (MPA),https://www.sagaftra.org/sites/default/files/Moderate%20Low%20Budget%20Project%20Agreement%20%28MPA%29%20Rev.%202.21.23%20SAMPLE.pdf
Moderate Low Budget Project,https://www.sagaftra.org/production-center/contract/909/getting-started,2020 Theatrical/Television MOA,https://www.sagaftra.org/sites/default/files/2020%20SAG-AFTRA%20MOA%207-22-20%20%2800223283xBE9D7%29-signed.pdf
Moderate Low Budget Project,https://www.sagaftra.org/production-center/contract/909/getting-started,2023 Theatrical/Television MOA,https://www.sagaftra.org/sites/default/files/2023_Theatrical_Television_MOA.pdf
Moderate Low Budget Project,https://www.sagaftra.org/production-center/contract/909/getting-started,2017 Theatrical/Television MOA,https://www.sagaftra.org/sites/default/files/2017_sag-aftra_theatrical-television_moa_7.pdf
Moderate Low Budget Project,https://www.sagaftra.org/production-center/contract/909/getting-started,2014 SAG-AFTRA Basic Agreement,https://www.sagaftra.org/sites/default/files/2014_sag-aftra_cba_1.pdf
Moderate Low Budget Project,https://www.sagaftra.org/production-center/contract/909/getting-started,2020 Indie Adherence Letter Non-episodic,https://www.sagaftra.org/sites/default/files/IndieAdherenceLetterNon-Episodic-12.1.20Sample.pdf
Ultra Low Budget Project,https://www.sagaftra.org/production-center/contract/910/getting-started,Ultra Low Budget Project Agreement (UPA),https://www.sagaftra.org/sites/default/files/Ultra%20Low%20Budget%20Project%20Agreement%20%28UPA%29%20Rev.%203.21.23%20SAMPLE.pdf
Ultra Low Budget Project,https://www.sagaftra.org/production-center/contract/910/getting-started,2020 Theatrical/Television MOA,https://www.sagaftra.org/sites/default/files/2020%20SAG-AFTRA%20MOA%207-22-20%20%2800223283xBE9D7%29-signed.pdf
Ultra Low Budget Project,https://www.sagaftra.org/production-center/contract/910/getting-started,2023 Theatrical/Television MOA,https://www.sagaftra.org/sites/default/files/2023_Theatrical_Television_MOA.pdf
Ultra Low Budget Project,https://www.sagaftra.org/production-center/contract/910/getting-started,2017 Theatrical/Television MOA,https://www.sagaftra.org/sites/default/files/2017_sag-aftra_theatrical-television_moa_7.pdf
Ultra Low Budget Project,https://www.sagaftra.org/production-center/contract/910/getting-started,2014 SAG-AFTRA Basic Agreement,https://www.sagaftra.org/sites/default/files/2014_sag-aftra_cba_1.pdf
Ultra Low Budget Project,https://www.sagaftra.org/production-center/contract/910/getting-started,2020 Indie Adherence Letter Non-episodic,https://www.sagaftra.org/sites/default/files/IndieAdherenceLetterNon-Episodic-12.1.20Sample.pdf
Short Project (SPA),https://www.sagaftra.org/production-center/contract/885/getting-started,Short Project Agreement (SPA),https://www.sagaftra.org/sites/default/files/Short%20Project%20Agreement%20%28SPA%29%20Rev.%202.21.23%20SAMPLE.pdf
Micro-Budget Projects,https://www.sagaftra.org/production-center/contract/967/getting-started,Micro-Budget Project Agreement,https://www.sagaftra.org/sites/default/files/2020_Micro-Budget_Project_%20AgreementWatermark.pdf
Getting Started,https://www.sagaftra.org/production-center/contract/813/getting-started,Contract Rates and Digests,https://www.sagaftra.org/industry-resources/rates-agreements
Theatrical,https://www.sagaftra.org/production-center/contract/818/getting-started,2020 Theatrical/Television MOA,https://www.sagaftra.org/sites/default/files/2020%20SAG-AFTRA%20MOA%207-22-20%20%2800223283xBE9D7%29-signed.pdf
Theatrical,https://www.sagaftra.org/production-center/contract/818/getting-started,2023 Theatrical/Television MOA,https://www.sagaftra.org/sites/default/files/2023_Theatrical_Television_MOA.pdf
Theatrical,https://www.sagaftra.org/production-center/contract/818/getting-started,2017 Theatrical/Television MOA,https://www.sagaftra.org/sites/default/files/2017_sag-aftra_theatrical-television_moa_7.pdf
Theatrical,https://www.sagaftra.org/production-center/contract/818/getting-started,2014 SAG-AFTRA Basic Agreement,https://www.sagaftra.org/sites/default/files/2014_sag-aftra_cba_1.pdf
Theatrical,https://www.sagaftra.org/production-center/contract/818/getting-started,2020 Theatrical Adherence Letter,https://www.sagaftra.org/sites/default/files/Independent%28TH%29AdherenceLetter%20%5BSAMPLE%5D.pdf
Ultra Low Budget Project,https://www.sagaftra.org/production-center/contract/819/getting-started,Ultra Low Budget Project Agreement (UPA),https://www.sagaftra.org/sites/default/files/Ultra%20Low%20Budget%20Project%20Agreement%20%28UPA%29%20Rev.%203.21.23%20SAMPLE.pdf
Ultra Low Budget Project,https://www.sagaftra.org/production-center/contract/819/getting-started,2020 Theatrical/Television MOA,https://www.sagaftra.org/sites/default/files/2020%20SAG-AFTRA%20MOA%207-22-20%20%2800223283xBE9D7%29-signed.pdf
Ultra Low Budget Project,https://www.sagaftra.org/production-center/contract/819/getting-started,2023 Theatrical/Television MOA,https://www.sagaftra.org/sites/default/files/2023_Theatrical_Television_MOA.pdf
Ultra Low Budget Project,https://www.sagaftra.org/production-center/contract/819/getting-started,2017 Theatrical/Television MOA,https://www.sagaftra.org/sites/default/files/2017_sag-aftra_theatrical-television_moa_7.pdf
Ultra Low Budget Project,https://www.sagaftra.org/production-center/contract/819/getting-started,2014 SAG-AFTRA Basic Agreement,https://www.sagaftra.org/sites/default/files/2014_sag-aftra_cba_1.pdf
Ultra Low Budget Project,https://www.sagaftra.org/production-center/contract/819/getting-started,2020 Indie Adherence Letter Non-episodic,https://www.sagaftra.org/sites/default/files/IndieAdherenceLetterNon-Episodic-12.1.20Sample.pdf
Moderate Low Budget Project,https://www.sagaftra.org/production-center/contract/815/getting-started,Moderate Low Budget Project Agreement (MPA),https://www.sagaftra.org/sites/default/files/Moderate%20Low%20Budget%20Project%20Agreement%20%28MPA%29%20Rev.%202.21.23%20SAMPLE.pdf
Moderate Low Budget Project,https://www.sagaftra.org/production-center/contract/815/getting-started,2020 Theatrical/Television MOA,https://www.sagaftra.org/sites/default/files/2020%20SAG-AFTRA%20MOA%207-22-20%20%2800223283xBE9D7%29-signed.pdf
Moderate Low Budget Project,https://www.sagaftra.org/production-center/contract/815/getting-started,2023 Theatrical/Television MOA,https://www.sagaftra.org/sites/default/files/2023_Theatrical_Television_MOA.pdf
Moderate Low Budget Project,https://www.sagaftra.org/production-center/contract/815/getting-started,2017 Theatrical/Television MOA,https://www.sagaftra.org/sites/default/files/2017_sag-aftra_theatrical-television_moa_7.pdf
Moderate Low Budget Project,https://www.sagaftra.org/production-center/contract/815/getting-started,2014 SAG-AFTRA Basic Agreement,https://www.sagaftra.org/sites/default/files/2014_sag-aftra_cba_1.pdf
Moderate Low Budget Project,https://www.sagaftra.org/production-center/contract/815/getting-started,2020 Indie Adherence Letter Non-episodic,https://www.sagaftra.org/sites/default/files/IndieAdherenceLetterNon-Episodic-12.1.20Sample.pdf
Low Budget Theatrical,https://www.sagaftra.org/production-center/contract/814/getting-started,Low Budget Theatrical Agreement (LBA),https://www.sagaftra.org/sites/default/files/Low%20Budget%20Agreement%20Rev.%202.21.23%20SAMPLE.pdf
Low Budget Theatrical,https://www.sagaftra.org/production-center/contract/814/getting-started,2020 Theatrical/Television MOA,https://www.sagaftra.org/sites/default/files/2020%20SAG-AFTRA%20MOA%207-22-20%20%2800223283xBE9D7%29-signed.pdf
Low Budget Theatrical,https://www.sagaftra.org/production-center/contract/814/getting-started,2023 Theatrical/Television MOA,https://www.sagaftra.org/sites/default/files/2023_Theatrical_Television_MOA.pdf
Low Budget Theatrical,https://www.sagaftra.org/production-center/contract/814/getting-started,2017 Theatrical/Television MOA,https://www.sagaftra.org/sites/default/files/2017_sag-aftra_theatrical-television_moa_7.pdf
Low Budget Theatrical,https://www.sagaftra.org/production-center/contract/814/getting-started,2014 SAG-AFTRA Basic Agreement,https://www.sagaftra.org/sites/default/files/2014_sag-aftra_cba_1.pdf
Low Budget Theatrical,https://www.sagaftra.org/production-center/contract/814/getting-started,2020 Theatrical Adherence Letter,https://www.sagaftra.org/sites/default/files/Independent%28TH%29AdherenceLetter%20%5BSAMPLE%5D.pdf
Short Project,https://www.sagaftra.org/production-center/contract/886/getting-started,Short Project Agreement (SPA),https://www.sagaftra.org/sites/default/files/Short%20Project%20Agreement%20%28SPA%29%20Rev.%202.21.23%20SAMPLE.pdf
Micro-Budget Agreement,https://www.sagaftra.org/production-center/contract/968/getting-started,Micro-Budget Project Agreement,https://www.sagaftra.org/sites/default/files/2020_Micro-Budget_Project_%20AgreementWatermark.pdf
