agreement_title,agreement_url,agreement_info,category,subcategory,url,raw_path,markdown_path
2022 Commercials Contract Memorandum of Agreement,https://www.sagaftra.org/files/2022%20Commercials%20Contract%20Memorandum%20of%20Agreement_1.pdf,Effective 4/1/2022 - 3/31/2025,Commercials,,https://www.sagaftra.org/production-center/contract/802/getting-started,/Users/juankostelec/Google_drive/Projects/legal-assistant-bot/data/raw/2022%20Commercials%20Contract%20Memorandum%20of%20Agreement_1.pdf,/Users/juankostelec/Google_drive/Projects/legal-assistant-bot/data/markdown/2022%20Commercials%20Contract%20Memorandum%20of%20Agreement_1.md
2023 Low Budget Digital Waiver (LBDW),https://www.sagaftra.org/files/sa_documents/Low%20Budget%20Digital%20Waiver%202023%20Bulletin(170671.pdf,,Commercials,,https://www.sagaftra.org/production-center/contract/802/getting-started,/Users/juankostelec/Google_drive/Projects/legal-assistant-bot/data/raw/Low%20Budget%20Digital%20Waiver%202023%20Bulletin(170671.pdf,/Users/juankostelec/Google_drive/Projects/legal-assistant-bot/data/markdown/Low%20Budget%20Digital%20Waiver%202023%20Bulletin(170671.md
2024 Low Budget Digital Waiver (LBDW),https://www.sagaftra.org/files/sa_documents/2024%20Low%20Budget%20Digital%20Waiver.pdf,,Commercials,,https://www.sagaftra.org/production-center/contract/802/getting-started,/Users/juankostelec/Google_drive/Projects/legal-assistant-bot/data/raw/2024%20Low%20Budget%20Digital%20Waiver.pdf,/Users/juankostelec/Google_drive/Projects/legal-assistant-bot/data/markdown/2024%20Low%20Budget%20Digital%20Waiver.md
2022 National Cable Waiver,https://www.sagaftra.org/files/sa_documents/2023%20Cable%20Sideletter(170654769.1).pdf,,Commercials,,https://www.sagaftra.org/production-center/contract/802/getting-started,/Users/juankostelec/Google_drive/Projects/legal-assistant-bot/data/raw/2023%20Cable%20Sideletter(170654769.1).pdf,/Users/juankostelec/Google_drive/Projects/legal-assistant-bot/data/markdown/2023%20Cable%20Sideletter(170654769.1).md
2022 Political Commercial Waiver,https://www.sagaftra.org/files/sa_documents/2022%20SAG-AFTRA%20Political%20Commercial%20Waiver%20SAMPLE.pdf,,Commercials,,https://www.sagaftra.org/production-center/contract/802/getting-started,/Users/juankostelec/Google_drive/Projects/legal-assistant-bot/data/raw/2022%20SAG-AFTRA%20Political%20Commercial%20Waiver%20SAMPLE.pdf,/Users/juankostelec/Google_drive/Projects/legal-assistant-bot/data/markdown/2022%20SAG-AFTRA%20Political%20Commercial%20Waiver%20SAMPLE.md
2020 SAG-AFTRA/JPC Commercials Low Budget Digital Waiver,https://www.sagaftra.org/files/2020LowBudgetDigitalWaiver.pdf,,Commercials,,https://www.sagaftra.org/production-center/contract/802/getting-started,/Users/juankostelec/Google_drive/Projects/legal-assistant-bot/data/raw/2020LowBudgetDigitalWaiver.pdf,/Users/juankostelec/Google_drive/Projects/legal-assistant-bot/data/markdown/2020LowBudgetDigitalWaiver.md
Diginet Waiver,https://www.sagaftra.org/files/DiginetsWaiver_11.2021.pdf,This waiver allows for an additional payment option for the use of diginets under the 2019 Commercials Contract. Effective 1/1/2021 - 12/31/2021* *currently extended,Commercials,,https://www.sagaftra.org/production-center/contract/802/getting-started,/Users/juankostelec/Google_drive/Projects/legal-assistant-bot/data/raw/DiginetsWaiver_11.2021.pdf,/Users/juankostelec/Google_drive/Projects/legal-assistant-bot/data/markdown/DiginetsWaiver_11.2021.md
2016 Commercials Contract E-Book,https://www.sagaftra.org/files/sagaftra_commercial_cntrct_ebook.pdf,2016 SAG-AFTRA Commercials Contract in electronic format for Internet,Commercials,,https://www.sagaftra.org/production-center/contract/802/getting-started,/Users/juankostelec/Google_drive/Projects/legal-assistant-bot/data/raw/sagaftra_commercial_cntrct_ebook.pdf,/Users/juankostelec/Google_drive/Projects/legal-assistant-bot/data/markdown/sagaftra_commercial_cntrct_ebook.md
2022 Influencer-Produced Sponsored Content Waiver,https://www.sagaftra.org/files/Waiver%20for%20Influencer-Produced%20Sponsored%20Content.pdf,Effective 2021 ongoing,Commercials,,https://www.sagaftra.org/production-center/contract/802/getting-started,/Users/juankostelec/Google_drive/Projects/legal-assistant-bot/data/raw/Waiver%20for%20Influencer-Produced%20Sponsored%20Content.pdf,/Users/juankostelec/Google_drive/Projects/legal-assistant-bot/data/markdown/Waiver%20for%20Influencer-Produced%20Sponsored%20Content.md
JPC & SAG-AFTRA Covid Modifications,https://www.sagaftra.org/files/sa_documents/Update%20on%20trigger%20escalation%20%282%29.pdf,Effective 12/5/2022,Commercials,,https://www.sagaftra.org/production-center/contract/802/getting-started,/Users/juankostelec/Google_drive/Projects/legal-assistant-bot/data/raw/Update%20on%20trigger%20escalation%20%282%29.pdf,/Users/juankostelec/Google_drive/Projects/legal-assistant-bot/data/markdown/Update%20on%20trigger%20escalation%20%282%29.md
Termination of the COVID-19 Commercial Production Safety and Testing Protocol Agreement,https://www.sagaftra.org/files/sa_documents/Notice%20of%20End%20of%20Commercial%20COVID%20Protocols%202023.docx_.pdf,Effective 5/11/2023,Commercials,,https://www.sagaftra.org/production-center/contract/802/getting-started,/Users/juankostelec/Google_drive/Projects/legal-assistant-bot/data/raw/Notice%20of%20End%20of%20Commercial%20COVID%20Protocols%202023.docx_.pdf,/Users/juankostelec/Google_drive/Projects/legal-assistant-bot/data/markdown/Notice%20of%20End%20of%20Commercial%20COVID%20Protocols%202023.docx_.md
Extension to the COVID-19 Commercial Production Safety and Testing	 Protocol Agreement,https://www.sagaftra.org/files/sa_documents/12.21.22%20Safety%20Protocol%20extension%20(1).pdf,Effective 12/21/2022,Commercials,,https://www.sagaftra.org/production-center/contract/802/getting-started,/Users/juankostelec/Google_drive/Projects/legal-assistant-bot/data/raw/12.21.22%20Safety%20Protocol%20extension%20(1).pdf,/Users/juankostelec/Google_drive/Projects/legal-assistant-bot/data/markdown/12.21.22%20Safety%20Protocol%20extension%20(1).md
Amended COVID‐19 Commercial Production Safety and Testing Protocols,https://www.sagaftra.org/files/September%201%2C%202022%20COVID%20Protocols.pdf,Effective 9/1/2022,Commercials,,https://www.sagaftra.org/production-center/contract/802/getting-started,/Users/juankostelec/Google_drive/Projects/legal-assistant-bot/data/raw/September%201%2C%202022%20COVID%20Protocols.pdf,/Users/juankostelec/Google_drive/Projects/legal-assistant-bot/data/markdown/September%201%2C%202022%20COVID%20Protocols.md
Commercial Safety Protocols,https://www.sagaftra.org/files/COVID-19ProtocolsSAG-AFTRA_Commercial_%20PerformersSafeReturntoWork_amended4.22.21.pdf,As of 4/16/21,Commercials,,https://www.sagaftra.org/production-center/contract/802/getting-started,/Users/juankostelec/Google_drive/Projects/legal-assistant-bot/data/raw/COVID-19ProtocolsSAG-AFTRA_Commercial_%20PerformersSafeReturntoWork_amended4.22.21.pdf,/Users/juankostelec/Google_drive/Projects/legal-assistant-bot/data/markdown/COVID-19ProtocolsSAG-AFTRA_Commercial_%20PerformersSafeReturntoWork_amended4.22.21.md
COVID-19 Protocols for In-Person Commercial Auditions,https://www.sagaftra.org/files/COVID-19ProtocolsforLiveCommercialCastingSessions.pdf,Effective 9/9/2021,Commercials,,https://www.sagaftra.org/production-center/contract/802/getting-started,/Users/juankostelec/Google_drive/Projects/legal-assistant-bot/data/raw/COVID-19ProtocolsforLiveCommercialCastingSessions.pdf,/Users/juankostelec/Google_drive/Projects/legal-assistant-bot/data/markdown/COVID-19ProtocolsforLiveCommercialCastingSessions.md
2022 Audio Commercials Contract Memorandum of Agreement,https://www.sagaftra.org/files/2022%20Audio%20Commercials%20Contract%20Memorandum%20of%20Agreement_0.pdf,Effective 4/1/2022 - 3/31/2025,Commercials,,https://www.sagaftra.org/production-center/contract/802/getting-started,/Users/juankostelec/Google_drive/Projects/legal-assistant-bot/data/raw/2022%20Audio%20Commercials%20Contract%20Memorandum%20of%20Agreement_0.pdf,/Users/juankostelec/Google_drive/Projects/legal-assistant-bot/data/markdown/2022%20Audio%20Commercials%20Contract%20Memorandum%20of%20Agreement_0.md
Dynamic Audio Waiver,https://www.sagaftra.org/files/2022%20Dynamic%20Audio%20Waiver%20FINAL.pdf,"This waiver is applicable to dynamic audio commercials only. Dynamic audio advertising utilizes digital technology to create customized, audio-only ads, with elements of a commercial “dynamically” changed at the time of delivery to reflect the listener’s specific circumstances, such as location, weather or time of day.",Commercials,,https://www.sagaftra.org/production-center/contract/802/getting-started,/Users/juankostelec/Google_drive/Projects/legal-assistant-bot/data/raw/2022%20Dynamic%20Audio%20Waiver%20FINAL.pdf,/Users/juankostelec/Google_drive/Projects/legal-assistant-bot/data/markdown/2022%20Dynamic%20Audio%20Waiver%20FINAL.md
Dynamic A.I. Audio Commercials Waiver,https://www.sagaftra.org/files/sa_documents/Dynamic%20A.I.%20Audio%20Commercials%20Waiver.pdf,,Commercials,,https://www.sagaftra.org/production-center/contract/802/getting-started,/Users/juankostelec/Google_drive/Projects/legal-assistant-bot/data/raw/Dynamic%20A.I.%20Audio%20Commercials%20Waiver.pdf,/Users/juankostelec/Google_drive/Projects/legal-assistant-bot/data/markdown/Dynamic%20A.I.%20Audio%20Commercials%20Waiver.md
2022 SAG-AFTRA Jingle Agreement,https://www.sagaftra.org/files/sa_documents/2022%20Jingle%20Agreement%20(1).pdf,Effective 4/1/2022 - 3/31/2025,Commercials,,https://www.sagaftra.org/production-center/contract/802/getting-started,/Users/juankostelec/Google_drive/Projects/legal-assistant-bot/data/raw/2022%20Jingle%20Agreement%20(1).pdf,/Users/juankostelec/Google_drive/Projects/legal-assistant-bot/data/markdown/2022%20Jingle%20Agreement%20(1).md
2016 Audio Commercials Contract E-Book,https://www.sagaftra.org/files/sa_documents/2016%20sagaftra_audio_commercial_cntrct_ebook.pdf,2016 SAG-AFTRA Commercials Contract in electronic format for Internet,Commercials,,https://www.sagaftra.org/production-center/contract/802/getting-started,/Users/juankostelec/Google_drive/Projects/legal-assistant-bot/data/raw/2016%20sagaftra_audio_commercial_cntrct_ebook.pdf,/Users/juankostelec/Google_drive/Projects/legal-assistant-bot/data/markdown/2016%20sagaftra_audio_commercial_cntrct_ebook.md
2019 Audio Commercials Contract Memorandum of Agreement,https://www.sagaftra.org/files/sa_documents/2019%20Audio%20Commercials%20Contract%20MOA%20without%20rate%20sheets_0.pdf,Effective 4/1/2019 - 3/31/2022,Commercials,,https://www.sagaftra.org/production-center/contract/802/getting-started,/Users/juankostelec/Google_drive/Projects/legal-assistant-bot/data/raw/2019%20Audio%20Commercials%20Contract%20MOA%20without%20rate%20sheets_0.pdf,/Users/juankostelec/Google_drive/Projects/legal-assistant-bot/data/markdown/2019%20Audio%20Commercials%20Contract%20MOA%20without%20rate%20sheets_0.md
2022 Corporate Educational and Non-Broadcast Contract Ebook,https://www.sagaftra.org/sites/default/files/Corporate%20Educational%20and%20Non-Broadcast%20Contract%20Ebook.pdf,Informational / Guide PDF,Corporate / Educational,,https://www.sagaftra.org/production-center/contract/803/getting-started,/Users/juankostelec/Google_drive/Projects/legal-assistant-bot/data/raw/Corporate%20Educational%20and%20Non-Broadcast%20Contract%20Ebook.pdf,/Users/juankostelec/Google_drive/Projects/legal-assistant-bot/data/markdown/Corporate%20Educational%20and%20Non-Broadcast%20Contract%20Ebook.md
12/21/22 Extension to the COVID-19 Co/Ed & Non-Broadcast Contract Production Safety & Testing Protocol Agreement,https://www.sagaftra.org/sites/default/files/Co-Ed%2012.22.22%20Safety%20Protocol%20extension.pdf,,Corporate / Educational,,https://www.sagaftra.org/production-center/contract/803/getting-started,/Users/juankostelec/Google_drive/Projects/legal-assistant-bot/data/raw/Co-Ed%2012.22.22%20Safety%20Protocol%20extension.pdf,/Users/juankostelec/Google_drive/Projects/legal-assistant-bot/data/markdown/Co-Ed%2012.22.22%20Safety%20Protocol%20extension.md
Notice of Termination of Co-Ed COVID Protocols 2023,https://www.sagaftra.org/sites/default/files/Notice%20of%20End%20of%20Co-Ed%20COVID%20Protocols%202023.docx%20%283%29.pdf,,Corporate / Educational,,https://www.sagaftra.org/production-center/contract/803/getting-started,/Users/juankostelec/Google_drive/Projects/legal-assistant-bot/data/raw/Notice%20of%20End%20of%20Co-Ed%20COVID%20Protocols%202023.docx%20%283%29.pdf,/Users/juankostelec/Google_drive/Projects/legal-assistant-bot/data/markdown/Notice%20of%20End%20of%20Co-Ed%20COVID%20Protocols%202023.docx%20%283%29.md
COVID-19 Production Safety and Testing Protocol Agreement for Corporate-Educational and Non-Broadcast Contracts,https://www.sagaftra.org/sites/default/files/CoEdProtocols.pdf,Informational / Guide PDF,Corporate / Educational,,https://www.sagaftra.org/production-center/contract/803/getting-started,/Users/juankostelec/Google_drive/Projects/legal-assistant-bot/data/raw/CoEdProtocols.pdf,/Users/juankostelec/Google_drive/Projects/legal-assistant-bot/data/markdown/CoEdProtocols.md
2022 Corporate-Educational & Non-Broadcast Print Campaign Waiver,https://www.sagaftra.org/sites/default/files/2022%20Co-Ed%20Print%20Campaign%20waiver%20LOA.pdf,This waiver allows a producer on a print campaign to compensate only profession performers for b-roll/behind-the-scenes footage. Informational / Guide PDF,Corporate / Educational,,https://www.sagaftra.org/production-center/contract/803/getting-started,/Users/juankostelec/Google_drive/Projects/legal-assistant-bot/data/raw/2022%20Co-Ed%20Print%20Campaign%20waiver%20LOA.pdf,/Users/juankostelec/Google_drive/Projects/legal-assistant-bot/data/markdown/2022%20Co-Ed%20Print%20Campaign%20waiver%20LOA.md
Corporate/Educational & Non-Broadcast Auto/Trade Show Waiver,https://www.sagaftra.org/sites/default/files/Co-EdAutoShowTradeShowWaiverLOAOPO.pdf,Informational / Guide PDF,Corporate / Educational,,https://www.sagaftra.org/production-center/contract/803/getting-started,/Users/juankostelec/Google_drive/Projects/legal-assistant-bot/data/raw/Co-EdAutoShowTradeShowWaiverLOAOPO.pdf,/Users/juankostelec/Google_drive/Projects/legal-assistant-bot/data/markdown/Co-EdAutoShowTradeShowWaiverLOAOPO.md
2022 Atlanta Local Corporate-Educational Code,https://www.sagaftra.org/sites/default/files/2022%20Atlanta%20Local%20Co_Ed%20Code%201.31.23.pdf,Informational / Guide PDF,Corporate / Educational,,https://www.sagaftra.org/production-center/contract/803/getting-started,/Users/juankostelec/Google_drive/Projects/legal-assistant-bot/data/raw/2022%20Atlanta%20Local%20Co_Ed%20Code%201.31.23.pdf,/Users/juankostelec/Google_drive/Projects/legal-assistant-bot/data/markdown/2022%20Atlanta%20Local%20Co_Ed%20Code%201.31.23.md
2022 Arizona-Utah Local Corporate-Educational Code,https://www.sagaftra.org/sites/default/files/2022%20Arizona-Utah%20Local%20Co_Ed%20Code%201.31.23%20%281%29.pdf,Informational / Guide PDF,Corporate / Educational,,https://www.sagaftra.org/production-center/contract/803/getting-started,/Users/juankostelec/Google_drive/Projects/legal-assistant-bot/data/raw/2022%20Arizona-Utah%20Local%20Co_Ed%20Code%201.31.23%20%281%29.pdf,/Users/juankostelec/Google_drive/Projects/legal-assistant-bot/data/markdown/2022%20Arizona-Utah%20Local%20Co_Ed%20Code%201.31.23%20%281%29.md
2022 Chicago Local Corporate-Educational Code,https://www.sagaftra.org/sites/default/files/2022%20Chicago%20Local%20Co_Ed%20Code%202.23.pdf,Informational / Guide PDF,Corporate / Educational,,https://www.sagaftra.org/production-center/contract/803/getting-started,/Users/juankostelec/Google_drive/Projects/legal-assistant-bot/data/raw/2022%20Chicago%20Local%20Co_Ed%20Code%202.23.pdf,/Users/juankostelec/Google_drive/Projects/legal-assistant-bot/data/markdown/2022%20Chicago%20Local%20Co_Ed%20Code%202.23.md
2022 Hawaii Local Corporate-Educational Code,https://www.sagaftra.org/sites/default/files/2022%20Hawaii%20Local%20Co_Ed%20Code%202.23.pdf,Informational / Guide PDF,Corporate / Educational,,https://www.sagaftra.org/production-center/contract/803/getting-started,/Users/juankostelec/Google_drive/Projects/legal-assistant-bot/data/raw/2022%20Hawaii%20Local%20Co_Ed%20Code%202.23.pdf,/Users/juankostelec/Google_drive/Projects/legal-assistant-bot/data/markdown/2022%20Hawaii%20Local%20Co_Ed%20Code%202.23.md
Modified Dubbing Agreement,https://www.sagaftra.org/sites/default/files/2022SAG-AFTRADubbingAgreement_0.pdf,(Agreement Covering dubbing of foreign language film into English),Dubbing,,https://www.sagaftra.org/production-center/contract/895/getting-started,/Users/juankostelec/Google_drive/Projects/legal-assistant-bot/data/raw/2022SAG-AFTRADubbingAgreement_0.pdf,/Users/juankostelec/Google_drive/Projects/legal-assistant-bot/data/markdown/2022SAG-AFTRADubbingAgreement_0.md
Spanish Language Modification (Dubbing) Agreement,https://www.sagaftra.org/sites/default/files/SAG-AFTRA%20Spanish%20Language%20Modification%20%28Dubbing%29.pdf,Agreement covering dubbing of English language film into Spanish,Dubbing,,https://www.sagaftra.org/production-center/contract/895/getting-started,/Users/juankostelec/Google_drive/Projects/legal-assistant-bot/data/raw/SAG-AFTRA%20Spanish%20Language%20Modification%20%28Dubbing%29.pdf,/Users/juankostelec/Google_drive/Projects/legal-assistant-bot/data/markdown/SAG-AFTRA%20Spanish%20Language%20Modification%20%28Dubbing%29.md
Netflix Dubbing Agreement,https://www.sagaftra.org/sites/default/files/ReferenceOnly-NetflixDubbingAgreement.pdf,Informational / Guide PDF,Dubbing,,https://www.sagaftra.org/production-center/contract/895/getting-started,/Users/juankostelec/Google_drive/Projects/legal-assistant-bot/data/raw/ReferenceOnly-NetflixDubbingAgreement.pdf,/Users/juankostelec/Google_drive/Projects/legal-assistant-bot/data/markdown/ReferenceOnly-NetflixDubbingAgreement.md
Negotiated Dubbing Employers Agreement,https://www.sagaftra.org/sites/default/files/Negotiated%20Dubbing%20Employers%20Agreement.pdf,Informational / Guide PDF,Dubbing,,https://www.sagaftra.org/production-center/contract/895/getting-started,/Users/juankostelec/Google_drive/Projects/legal-assistant-bot/data/raw/Negotiated%20Dubbing%20Employers%20Agreement.pdf,/Users/juankostelec/Google_drive/Projects/legal-assistant-bot/data/markdown/Negotiated%20Dubbing%20Employers%20Agreement.md
Netflix Agreement MOA,https://www.sagaftra.org/sites/default/files/2022%20SAG-AFTRA-Netflix%20MOA%20%28FINAL%29%209.20.22.pdf,,Dubbing,,https://www.sagaftra.org/production-center/contract/895/getting-started,/Users/juankostelec/Google_drive/Projects/legal-assistant-bot/data/raw/2022%20SAG-AFTRA-Netflix%20MOA%20%28FINAL%29%209.20.22.pdf,/Users/juankostelec/Google_drive/Projects/legal-assistant-bot/data/markdown/2022%20SAG-AFTRA-Netflix%20MOA%20%28FINAL%29%209.20.22.md
2024 Tiered-Budget Independent Interactive Media Agreemen,https://www.sagaftra.org/sites/default/files/2024%20Tiered-Budget%20Independent%20Interactive%20Media%20Agreement_1.pdf,,Interactive,,https://www.sagaftra.org/production-center/contract/820/getting-started,/Users/juankostelec/Google_drive/Projects/legal-assistant-bot/data/raw/2024%20Tiered-Budget%20Independent%20Interactive%20Media%20Agreement_1.pdf,/Users/juankostelec/Google_drive/Projects/legal-assistant-bot/data/markdown/2024%20Tiered-Budget%20Independent%20Interactive%20Media%20Agreement_1.md
2024 Independent Interactive Localization Agreement,https://www.sagaftra.org/sites/default/files/2024%20Independent%20Interactive%20Localization%20Agreement_0.pdf,,Interactive,,https://www.sagaftra.org/production-center/contract/820/getting-started,/Users/juankostelec/Google_drive/Projects/legal-assistant-bot/data/raw/2024%20Independent%20Interactive%20Localization%20Agreement_0.pdf,/Users/juankostelec/Google_drive/Projects/legal-assistant-bot/data/markdown/2024%20Independent%20Interactive%20Localization%20Agreement_0.md
Interim Interactive Media Agreement,https://www.sagaftra.org/sites/default/files/Interim%20Interactive%20Media%20Agreement.pdf,,Interactive,,https://www.sagaftra.org/production-center/contract/820/getting-started,/Users/juankostelec/Google_drive/Projects/legal-assistant-bot/data/raw/Interim%20Interactive%20Media%20Agreement.pdf,/Users/juankostelec/Google_drive/Projects/legal-assistant-bot/data/markdown/Interim%20Interactive%20Media%20Agreement.md
2011-2014 AFTRA Interactive Media Agreement (base agreement),https://www.sagaftra.org/sites/default/files/2011%20-%202014%20AFTRA%20IMA%20and%20Sideletters%20-%20FINAL.pdf,,Interactive,,https://www.sagaftra.org/production-center/contract/820/getting-started,/Users/juankostelec/Google_drive/Projects/legal-assistant-bot/data/raw/2011%20-%202014%20AFTRA%20IMA%20and%20Sideletters%20-%20FINAL.pdf,/Users/juankostelec/Google_drive/Projects/legal-assistant-bot/data/markdown/2011%20-%202014%20AFTRA%20IMA%20and%20Sideletters%20-%20FINAL.md
2017 Interactive Media Memorandum of Agreement (2017 updates),https://www.sagaftra.org/sites/default/files/2017SAG-AFTRAIMAMOAwSchA_final.pdf,,Interactive,,https://www.sagaftra.org/production-center/contract/820/getting-started,/Users/juankostelec/Google_drive/Projects/legal-assistant-bot/data/raw/2017SAG-AFTRAIMAMOAwSchA_final.pdf,/Users/juankostelec/Google_drive/Projects/legal-assistant-bot/data/markdown/2017SAG-AFTRAIMAMOAwSchA_final.md
2020 Interactive Media Memorandum of Agreement (2020 updates),https://www.sagaftra.org/sites/default/files/2020SAG-AFTRAIMAExtension.pdf,,Interactive,,https://www.sagaftra.org/production-center/contract/820/getting-started,/Users/juankostelec/Google_drive/Projects/legal-assistant-bot/data/raw/2020SAG-AFTRAIMAExtension.pdf,/Users/juankostelec/Google_drive/Projects/legal-assistant-bot/data/markdown/2020SAG-AFTRAIMAExtension.md
2020 Interactive Localization Agreement,https://www.sagaftra.org/sites/default/files/2020InteractiveLocalizationAgreement.pdf,,Interactive,,https://www.sagaftra.org/production-center/contract/820/getting-started,/Users/juankostelec/Google_drive/Projects/legal-assistant-bot/data/raw/2020InteractiveLocalizationAgreement.pdf,/Users/juankostelec/Google_drive/Projects/legal-assistant-bot/data/markdown/2020InteractiveLocalizationAgreement.md
Interim Interactive Media Localization Agreement,https://www.sagaftra.org/sites/default/files/Interim%20Interactive%20Media%20Localization%20Agreement.pdf,,Interactive,,https://www.sagaftra.org/production-center/contract/820/getting-started,/Users/juankostelec/Google_drive/Projects/legal-assistant-bot/data/raw/Interim%20Interactive%20Media%20Localization%20Agreement.pdf,/Users/juankostelec/Google_drive/Projects/legal-assistant-bot/data/markdown/Interim%20Interactive%20Media%20Localization%20Agreement.md
2017 Music Video Agreement Memorandum,https://www.sagaftra.org/sites/default/files/2017%20Music%20Video%20Agreement%20MOA%20%28rev.%2005.01.18%29.pdf,Informational / Guide PDF,Music Videos,,https://www.sagaftra.org/production-center/contract/804/getting-started,/Users/juankostelec/Google_drive/Projects/legal-assistant-bot/data/raw/2017%20Music%20Video%20Agreement%20MOA%20%28rev.%2005.01.18%29.pdf,/Users/juankostelec/Google_drive/Projects/legal-assistant-bot/data/markdown/2017%20Music%20Video%20Agreement%20MOA%20%28rev.%2005.01.18%29.md
2012 Music Video Agreement,https://www.sagaftra.org/sites/default/files/independent_mv_agreement_0.pdf,"This is the master agreement for producers of music videos, detailing their responsibilities and acting as a standalone agreement for non-signatory companies.",Music Videos,,https://www.sagaftra.org/production-center/contract/804/getting-started,/Users/juankostelec/Google_drive/Projects/legal-assistant-bot/data/raw/independent_mv_agreement_0.pdf,/Users/juankostelec/Google_drive/Projects/legal-assistant-bot/data/markdown/independent_mv_agreement_0.md
2021-2026 Sound Recordings Code MOA,https://www.sagaftra.org/sites/default/files/2021-2026%20Sound%20Recordings%20Code%20MOA.pdf,Informational / Guide PDF,Sound Recordings,,https://www.sagaftra.org/production-center/contract/806/getting-started,/Users/juankostelec/Google_drive/Projects/legal-assistant-bot/data/raw/2021-2026%20Sound%20Recordings%20Code%20MOA.pdf,/Users/juankostelec/Google_drive/Projects/legal-assistant-bot/data/markdown/2021-2026%20Sound%20Recordings%20Code%20MOA.md
Sound Recordings Code Appendix on Artificial Intelligence,https://www.sagaftra.org/sites/default/files/Sound%20Recordings%20Code%20Appendix%20on%20Artificial%20Intelligence.pdf,Informational / Guide PDF,Sound Recordings,,https://www.sagaftra.org/production-center/contract/806/getting-started,/Users/juankostelec/Google_drive/Projects/legal-assistant-bot/data/raw/Sound%20Recordings%20Code%20Appendix%20on%20Artificial%20Intelligence.pdf,/Users/juankostelec/Google_drive/Projects/legal-assistant-bot/data/markdown/Sound%20Recordings%20Code%20Appendix%20on%20Artificial%20Intelligence.md
2018-2020 Sound Recordings MOA,https://www.sagaftra.org/sites/default/files/2018-2020%20Sound%20Recordings%20MOA.pdf,Informational / Guide PDF,Sound Recordings,,https://www.sagaftra.org/production-center/contract/806/getting-started,/Users/juankostelec/Google_drive/Projects/legal-assistant-bot/data/raw/2018-2020%20Sound%20Recordings%20MOA.pdf,/Users/juankostelec/Google_drive/Projects/legal-assistant-bot/data/markdown/2018-2020%20Sound%20Recordings%20MOA.md
2015-2017 Sound Recordings Code MOA,https://www.sagaftra.org/sites/default/files/2015-2017_sound_recordings_moa.pdf,This is a memorandum of agreement which details additions and/or changes to our master Sound Recordings Agreement.,Sound Recordings,,https://www.sagaftra.org/production-center/contract/806/getting-started,/Users/juankostelec/Google_drive/Projects/legal-assistant-bot/data/raw/2015-2017_sound_recordings_moa.pdf,/Users/juankostelec/Google_drive/Projects/legal-assistant-bot/data/markdown/2015-2017_sound_recordings_moa.md
2010-2011 Sound Recordings Code Extension,https://www.sagaftra.org/sites/default/files/10-11_sr_extension_signed_0.pdf,This is an extension of our master Sound Recordings Agreement.,Sound Recordings,,https://www.sagaftra.org/production-center/contract/806/getting-started,/Users/juankostelec/Google_drive/Projects/legal-assistant-bot/data/raw/10-11_sr_extension_signed_0.pdf,/Users/juankostelec/Google_drive/Projects/legal-assistant-bot/data/markdown/10-11_sr_extension_signed_0.md
2012 Music Video Supplement to Sound Recordings Code,https://www.sagaftra.org/sites/default/files/mv_supplement_to_src_0.pdf,This is the supplement Music Video Agreement for signatories of the full Sound Recordings Code.,Sound Recordings,,https://www.sagaftra.org/production-center/contract/806/getting-started,/Users/juankostelec/Google_drive/Projects/legal-assistant-bot/data/raw/mv_supplement_to_src_0.pdf,/Users/juankostelec/Google_drive/Projects/legal-assistant-bot/data/markdown/mv_supplement_to_src_0.md
2012-2014 Sound Recordings Code MOA,https://www.sagaftra.org/sites/default/files/2012_-_2014_sr_code_moa_0.pdf,This is a memorandum of agreement which details additions and/or changes to our master Sound Recordings Agreement.,Sound Recordings,,https://www.sagaftra.org/production-center/contract/806/getting-started,/Users/juankostelec/Google_drive/Projects/legal-assistant-bot/data/raw/2012_-_2014_sr_code_moa_0.pdf,/Users/juankostelec/Google_drive/Projects/legal-assistant-bot/data/markdown/2012_-_2014_sr_code_moa_0.md
2007-2010 Sound Recordings Code MOA,https://www.sagaftra.org/sites/default/files/07-10_sound_recordings_moa_0.pdf,This is a memorandum of agreement which details additions and/or changes to our master Sound Recordings Agreement.,Sound Recordings,,https://www.sagaftra.org/production-center/contract/806/getting-started,/Users/juankostelec/Google_drive/Projects/legal-assistant-bot/data/raw/07-10_sound_recordings_moa_0.pdf,/Users/juankostelec/Google_drive/Projects/legal-assistant-bot/data/markdown/07-10_sound_recordings_moa_0.md
2006-2007 Sound Recordings Code Extension,https://www.sagaftra.org/sites/default/files/06-07_sr_moa_0.pdf,This is an extension of our master Sound Recordings Agreement.,Sound Recordings,,https://www.sagaftra.org/production-center/contract/806/getting-started,/Users/juankostelec/Google_drive/Projects/legal-assistant-bot/data/raw/06-07_sr_moa_0.pdf,/Users/juankostelec/Google_drive/Projects/legal-assistant-bot/data/markdown/06-07_sr_moa_0.md
2002-2006 Sound Recordings Code,https://www.sagaftra.org/sites/default/files/2002-2006_aftra_national_code_of_fair_practice_for_sound_recordings.pdf,This is the master agreement for producers of Sound Recordings and details their responsibilities under the Code.,Sound Recordings,,https://www.sagaftra.org/production-center/contract/806/getting-started,/Users/juankostelec/Google_drive/Projects/legal-assistant-bot/data/raw/2002-2006_aftra_national_code_of_fair_practice_for_sound_recordings.pdf,/Users/juankostelec/Google_drive/Projects/legal-assistant-bot/data/markdown/2002-2006_aftra_national_code_of_fair_practice_for_sound_recordings.md
2023 Basic Cable Animation Agreement,https://www.sagaftra.org/sites/default/files/2023%20Basic%20Cable%20Animation%20Agreement.PDF,"This is the agreement for animated productions for basic cable through June 30, 2026.",Television Contracts,Basic Cable Animation,https://www.sagaftra.org/production-center/contract/808/getting-started,/Users/juankostelec/Google_drive/Projects/legal-assistant-bot/data/raw/2023%20Basic%20Cable%20Animation%20Agreement.PDF,/Users/juankostelec/Google_drive/Projects/legal-assistant-bot/data/markdown/2023%20Basic%20Cable%20Animation%20Agreement.PDF.md
2020 Theatrical/Television MOA,https://www.sagaftra.org/sites/default/files/2020%20SAG-AFTRA%20MOA%207-22-20%20%2800223283xBE9D7%29-signed.pdf,This memorandum details modifications to the existing Basic Agreement and Television Agreement,Television Contracts,Basic Cable Animation,https://www.sagaftra.org/production-center/contract/808/getting-started,/Users/juankostelec/Google_drive/Projects/legal-assistant-bot/data/raw/2020%20SAG-AFTRA%20MOA%207-22-20%20%2800223283xBE9D7%29-signed.pdf,/Users/juankostelec/Google_drive/Projects/legal-assistant-bot/data/markdown/2020%20SAG-AFTRA%20MOA%207-22-20%20%2800223283xBE9D7%29-signed.md
2023 Theatrical/Television MOA,https://www.sagaftra.org/sites/default/files/2023_Theatrical_Television_MOA.pdf,,Television Contracts,Basic Cable Animation,https://www.sagaftra.org/production-center/contract/808/getting-started,/Users/juankostelec/Google_drive/Projects/legal-assistant-bot/data/raw/2023_Theatrical_Television_MOA.pdf,/Users/juankostelec/Google_drive/Projects/legal-assistant-bot/data/markdown/2023_Theatrical_Television_MOA.md
2020 Television Animation Agreement,https://www.sagaftra.org/sites/default/files/2020%20MOA%20SAG-AFTRA%20Animation%20TV%20Agreement.pdf,This is the agreement for animated television productions.,Television Contracts,Basic Cable Animation,https://www.sagaftra.org/production-center/contract/808/getting-started,/Users/juankostelec/Google_drive/Projects/legal-assistant-bot/data/raw/2020%20MOA%20SAG-AFTRA%20Animation%20TV%20Agreement.pdf,/Users/juankostelec/Google_drive/Projects/legal-assistant-bot/data/markdown/2020%20MOA%20SAG-AFTRA%20Animation%20TV%20Agreement.md
2017 Theatrical/Television MOA,https://www.sagaftra.org/sites/default/files/2017_sag-aftra_theatrical-television_moa_7.pdf,This memorandum details modifications to the existing Basic Agreement and Television Agreement.,Television Contracts,Basic Cable Animation,https://www.sagaftra.org/production-center/contract/808/getting-started,/Users/juankostelec/Google_drive/Projects/legal-assistant-bot/data/raw/2017_sag-aftra_theatrical-television_moa_7.pdf,/Users/juankostelec/Google_drive/Projects/legal-assistant-bot/data/markdown/2017_sag-aftra_theatrical-television_moa_7.md
2020 Basic Cable Animation Agreement,https://www.sagaftra.org/sites/default/files/2020%20MOA%20SAG-AFTRA%20Animation%20Basic%20Cable.pdf,This is the agreement for animated productions for basic cable.,Television Contracts,Basic Cable Animation,https://www.sagaftra.org/production-center/contract/808/getting-started,/Users/juankostelec/Google_drive/Projects/legal-assistant-bot/data/raw/2020%20MOA%20SAG-AFTRA%20Animation%20Basic%20Cable.pdf,/Users/juankostelec/Google_drive/Projects/legal-assistant-bot/data/markdown/2020%20MOA%20SAG-AFTRA%20Animation%20Basic%20Cable.md
2018 Basic Cable Animation Agreement,https://www.sagaftra.org/sites/default/files/2018%20MOA%20SAG-AFTRA%20MOA%20Basic%20Cable%20Animation.pdf,"This is the agreement for animated productions for basic cable through June 30, 2020.",Television Contracts,Basic Cable Animation,https://www.sagaftra.org/production-center/contract/808/getting-started,/Users/juankostelec/Google_drive/Projects/legal-assistant-bot/data/raw/2018%20MOA%20SAG-AFTRA%20MOA%20Basic%20Cable%20Animation.pdf,/Users/juankostelec/Google_drive/Projects/legal-assistant-bot/data/markdown/2018%20MOA%20SAG-AFTRA%20MOA%20Basic%20Cable%20Animation.md
2014 SAG-AFTRA TV Agreement,https://www.sagaftra.org/sites/default/files/2014_sag-aftra_tv_agreement_7.pdf,"This is the master agreement for television productions, and spells out the responsibilities of producers working in that medium.",Television Contracts,Basic Cable Animation,https://www.sagaftra.org/production-center/contract/808/getting-started,/Users/juankostelec/Google_drive/Projects/legal-assistant-bot/data/raw/2014_sag-aftra_tv_agreement_7.pdf,/Users/juankostelec/Google_drive/Projects/legal-assistant-bot/data/markdown/2014_sag-aftra_tv_agreement_7.md
2020 Theatrical/Television MOA,https://www.sagaftra.org/sites/default/files/2020%20SAG-AFTRA%20MOA%207-22-20%20%2800223283xBE9D7%29-signed.pdf,"This memorandum details modifications to the existing Basic Agreement and Television Agreement 
Informational / Guide PDF",Television Contracts,Basic Cable Live Action,https://www.sagaftra.org/production-center/contract/809/getting-started,/Users/juankostelec/Google_drive/Projects/legal-assistant-bot/data/raw/2020%20SAG-AFTRA%20MOA%207-22-20%20%2800223283xBE9D7%29-signed.pdf,/Users/juankostelec/Google_drive/Projects/legal-assistant-bot/data/markdown/2020%20SAG-AFTRA%20MOA%207-22-20%20%2800223283xBE9D7%29-signed.md
2023 Theatrical/Television MOA,https://www.sagaftra.org/sites/default/files/2023_Theatrical_Television_MOA.pdf,Informational / Guide PDF,Television Contracts,Basic Cable Live Action,https://www.sagaftra.org/production-center/contract/809/getting-started,/Users/juankostelec/Google_drive/Projects/legal-assistant-bot/data/raw/2023_Theatrical_Television_MOA.pdf,/Users/juankostelec/Google_drive/Projects/legal-assistant-bot/data/markdown/2023_Theatrical_Television_MOA.md
2017 Theatrical/Television MOA,https://www.sagaftra.org/sites/default/files/2017_sag-aftra_theatrical-television_moa_7.pdf,"This memorandum details modifications to the existing Basic Agreement and Television Agreement.
Informational / Guide PDF",Television Contracts,Basic Cable Live Action,https://www.sagaftra.org/production-center/contract/809/getting-started,/Users/juankostelec/Google_drive/Projects/legal-assistant-bot/data/raw/2017_sag-aftra_theatrical-television_moa_7.pdf,/Users/juankostelec/Google_drive/Projects/legal-assistant-bot/data/markdown/2017_sag-aftra_theatrical-television_moa_7.md
2014 SAG-AFTRA Basic Agreement,https://www.sagaftra.org/sites/default/files/2014_sag-aftra_cba_1.pdf,"This is the master agreement for theatrical motion pictures, and spells out the responsibilities of producers working in that medium.
Informational / Guide PDF",Television Contracts,Basic Cable Live Action,https://www.sagaftra.org/production-center/contract/809/getting-started,/Users/juankostelec/Google_drive/Projects/legal-assistant-bot/data/raw/2014_sag-aftra_cba_1.pdf,/Users/juankostelec/Google_drive/Projects/legal-assistant-bot/data/markdown/2014_sag-aftra_cba_1.md
2014 SAG-AFTRA TV Agreement,https://www.sagaftra.org/sites/default/files/2014_sag-aftra_tv_agreement_7.pdf,"This is the master agreement for television productions, and spells out the responsibilities of producers working in that medium.
Informational / Guide PDF",Television Contracts,Basic Cable Live Action,https://www.sagaftra.org/production-center/contract/809/getting-started,/Users/juankostelec/Google_drive/Projects/legal-assistant-bot/data/raw/2014_sag-aftra_tv_agreement_7.pdf,/Users/juankostelec/Google_drive/Projects/legal-assistant-bot/data/markdown/2014_sag-aftra_tv_agreement_7.md
2014 Television Adherence Letter,https://www.sagaftra.org/sites/default/files/adherence_letter_television_2_4_1.pdf,"This is the television agreement for independent producers. Sample PDF",Television Contracts,Basic Cable Live Action,https://www.sagaftra.org/production-center/contract/809/getting-started,/Users/juankostelec/Google_drive/Projects/legal-assistant-bot/data/raw/adherence_letter_television_2_4_1.pdf,/Users/juankostelec/Google_drive/Projects/legal-assistant-bot/data/markdown/adherence_letter_television_2_4_1.md
2024 MOA National Code of Fair Practice for Network TV Broadcasting,https://www.sagaftra.org/sites/default/files/2024%20MOA%20National%20Code%20of%20Fair%20Practice%20for%20Network%20TV%20Broadcasting.pdf,This memorandum details modifications to the existing Network Code Agreement.,Television Contracts,Television,https://www.sagaftra.org/production-center/contract/810/getting-started,/Users/juankostelec/Google_drive/Projects/legal-assistant-bot/data/raw/2024%20MOA%20National%20Code%20of%20Fair%20Practice%20for%20Network%20TV%20Broadcasting.pdf,/Users/juankostelec/Google_drive/Projects/legal-assistant-bot/data/markdown/2024%20MOA%20National%20Code%20of%20Fair%20Practice%20for%20Network%20TV%20Broadcasting.md
2020 Theatrical/Television MOA,https://www.sagaftra.org/sites/default/files/2020%20SAG-AFTRA%20MOA%207-22-20%20%2800223283xBE9D7%29-signed.pdf,This memorandum details modifications to the existing Basic Agreement and Television Agreement,Television Contracts,Television,https://www.sagaftra.org/production-center/contract/810/getting-started,/Users/juankostelec/Google_drive/Projects/legal-assistant-bot/data/raw/2020%20SAG-AFTRA%20MOA%207-22-20%20%2800223283xBE9D7%29-signed.pdf,/Users/juankostelec/Google_drive/Projects/legal-assistant-bot/data/markdown/2020%20SAG-AFTRA%20MOA%207-22-20%20%2800223283xBE9D7%29-signed.md
2023 Theatrical/Television MOA,https://www.sagaftra.org/sites/default/files/2023_Theatrical_Television_MOA.pdf,,Television Contracts,Television,https://www.sagaftra.org/production-center/contract/810/getting-started,/Users/juankostelec/Google_drive/Projects/legal-assistant-bot/data/raw/2023_Theatrical_Television_MOA.pdf,/Users/juankostelec/Google_drive/Projects/legal-assistant-bot/data/markdown/2023_Theatrical_Television_MOA.md
2021 MOA National Code of Fair Practice for Network TV Broadcasting,https://www.sagaftra.org/sites/default/files/Network%20Code%202021-24%20MOA%20FE.pdf,This memorandum details modifications to the existing Network Code Agreement.,Television Contracts,Television,https://www.sagaftra.org/production-center/contract/810/getting-started,/Users/juankostelec/Google_drive/Projects/legal-assistant-bot/data/raw/Network%20Code%202021-24%20MOA%20FE.pdf,/Users/juankostelec/Google_drive/Projects/legal-assistant-bot/data/markdown/Network%20Code%202021-24%20MOA%20FE.md
2017 Theatrical/Television MOA,https://www.sagaftra.org/sites/default/files/2017_sag-aftra_theatrical-television_moa_7.pdf,This memorandum details modifications to the existing Basic Agreement and Television Agreement.,Television Contracts,Television,https://www.sagaftra.org/production-center/contract/810/getting-started,/Users/juankostelec/Google_drive/Projects/legal-assistant-bot/data/raw/2017_sag-aftra_theatrical-television_moa_7.pdf,/Users/juankostelec/Google_drive/Projects/legal-assistant-bot/data/markdown/2017_sag-aftra_theatrical-television_moa_7.md
Memorandum of Agreement Theatrical-Television 2014,https://www.sagaftra.org/sites/default/files/memorandum_of_agreement_theatrical_television_2014_1_3_11.pdf,This memorandum details modifications to the existing Basic Agreement and Television Agreement.,Television Contracts,Television,https://www.sagaftra.org/production-center/contract/810/getting-started,/Users/juankostelec/Google_drive/Projects/legal-assistant-bot/data/raw/memorandum_of_agreement_theatrical_television_2014_1_3_11.pdf,/Users/juankostelec/Google_drive/Projects/legal-assistant-bot/data/markdown/memorandum_of_agreement_theatrical_television_2014_1_3_11.md
2014-2018 SAG-AFTRA Network Code,https://www.sagaftra.org/sites/default/files/2014-2018_network_television_code_v13.pdf,"This is the master agreement for non-dramatic television productions, and spells out the responsibilities of producers working in that medium.",Television Contracts,Television,https://www.sagaftra.org/production-center/contract/810/getting-started,/Users/juankostelec/Google_drive/Projects/legal-assistant-bot/data/raw/2014-2018_network_television_code_v13.pdf,/Users/juankostelec/Google_drive/Projects/legal-assistant-bot/data/markdown/2014-2018_network_television_code_v13.md
2018 MOA National Code of Fair Practice for Network TV Broadcasting,https://www.sagaftra.org/sites/default/files/2018MOA-TV-National-Code_0.pdf,,Television Contracts,Television,https://www.sagaftra.org/production-center/contract/810/getting-started,/Users/juankostelec/Google_drive/Projects/legal-assistant-bot/data/raw/2018MOA-TV-National-Code_0.pdf,/Users/juankostelec/Google_drive/Projects/legal-assistant-bot/data/markdown/2018MOA-TV-National-Code_0.md
2018-2022 National Public Television MOA,https://www.sagaftra.org/sites/default/files/2018-2022PublicTVMOAFE_0.pdf,This outlines the updates to the 2010-2013 National Public Television Agreement and the 2013-2016 Public Television Memorandum of Agreement.,Television Contracts,Television,https://www.sagaftra.org/production-center/contract/810/getting-started,/Users/juankostelec/Google_drive/Projects/legal-assistant-bot/data/raw/2018-2022PublicTVMOAFE_0.pdf,/Users/juankostelec/Google_drive/Projects/legal-assistant-bot/data/markdown/2018-2022PublicTVMOAFE_0.md
2014 SAG-AFTRA TV Agreement,https://www.sagaftra.org/sites/default/files/2014_sag-aftra_tv_agreement_7.pdf,"This is the master agreement for television productions, and spells out the responsibilities of producers working in that medium.",Television Contracts,Television,https://www.sagaftra.org/production-center/contract/810/getting-started,/Users/juankostelec/Google_drive/Projects/legal-assistant-bot/data/raw/2014_sag-aftra_tv_agreement_7.pdf,/Users/juankostelec/Google_drive/Projects/legal-assistant-bot/data/markdown/2014_sag-aftra_tv_agreement_7.md
2023 Television Animation Agreement,https://www.sagaftra.org/sites/default/files/2023%20Television%20Animation%20Agreement.PDF,"This is the agreement for animated television productions through June 30, 2026.",Television Contracts,Television Animation,https://www.sagaftra.org/production-center/contract/811/getting-started,/Users/juankostelec/Google_drive/Projects/legal-assistant-bot/data/raw/2023%20Television%20Animation%20Agreement.PDF,/Users/juankostelec/Google_drive/Projects/legal-assistant-bot/data/markdown/2023%20Television%20Animation%20Agreement.PDF.md
2020 Theatrical/Television MOA,https://www.sagaftra.org/sites/default/files/2020%20SAG-AFTRA%20MOA%207-22-20%20%2800223283xBE9D7%29-signed.pdf,This memorandum details modifications to the existing Basic Agreement and Television Agreement,Television Contracts,Television Animation,https://www.sagaftra.org/production-center/contract/811/getting-started,/Users/juankostelec/Google_drive/Projects/legal-assistant-bot/data/raw/2020%20SAG-AFTRA%20MOA%207-22-20%20%2800223283xBE9D7%29-signed.pdf,/Users/juankostelec/Google_drive/Projects/legal-assistant-bot/data/markdown/2020%20SAG-AFTRA%20MOA%207-22-20%20%2800223283xBE9D7%29-signed.md
2023 Theatrical/Television MOA,https://www.sagaftra.org/sites/default/files/2023_Theatrical_Television_MOA.pdf,,Television Contracts,Television Animation,https://www.sagaftra.org/production-center/contract/811/getting-started,/Users/juankostelec/Google_drive/Projects/legal-assistant-bot/data/raw/2023_Theatrical_Television_MOA.pdf,/Users/juankostelec/Google_drive/Projects/legal-assistant-bot/data/markdown/2023_Theatrical_Television_MOA.md
2020 Television Animation Agreement,https://www.sagaftra.org/sites/default/files/2020%20MOA%20SAG-AFTRA%20Animation%20TV%20Agreement.pdf,This is the agreement for animated television productions.,Television Contracts,Television Animation,https://www.sagaftra.org/production-center/contract/811/getting-started,/Users/juankostelec/Google_drive/Projects/legal-assistant-bot/data/raw/2020%20MOA%20SAG-AFTRA%20Animation%20TV%20Agreement.pdf,/Users/juankostelec/Google_drive/Projects/legal-assistant-bot/data/markdown/2020%20MOA%20SAG-AFTRA%20Animation%20TV%20Agreement.md
2017 Theatrical/Television MOA,https://www.sagaftra.org/sites/default/files/2017_sag-aftra_theatrical-television_moa_7.pdf,This memorandum details modifications to the existing Basic Agreement and Television Agreement.,Television Contracts,Television Animation,https://www.sagaftra.org/production-center/contract/811/getting-started,/Users/juankostelec/Google_drive/Projects/legal-assistant-bot/data/raw/2017_sag-aftra_theatrical-television_moa_7.pdf,/Users/juankostelec/Google_drive/Projects/legal-assistant-bot/data/markdown/2017_sag-aftra_theatrical-television_moa_7.md
2018 Television Animation Agreement,https://www.sagaftra.org/sites/default/files/2018%20SAG-AFTRA%20MOA%20TV%20Animation.pdf,"This is the agreement for animated television productions through June 30, 2020.",Television Contracts,Television Animation,https://www.sagaftra.org/production-center/contract/811/getting-started,/Users/juankostelec/Google_drive/Projects/legal-assistant-bot/data/raw/2018%20SAG-AFTRA%20MOA%20TV%20Animation.pdf,/Users/juankostelec/Google_drive/Projects/legal-assistant-bot/data/markdown/2018%20SAG-AFTRA%20MOA%20TV%20Animation.md
2014 Television Animation Agreement,https://www.sagaftra.org/sites/default/files/television_animation_agreement_sag_aftra_1_45_0.pdf,This is the agreement for animated television productions.,Television Contracts,Television Animation,https://www.sagaftra.org/production-center/contract/811/getting-started,/Users/juankostelec/Google_drive/Projects/legal-assistant-bot/data/raw/television_animation_agreement_sag_aftra_1_45_0.pdf,/Users/juankostelec/Google_drive/Projects/legal-assistant-bot/data/markdown/television_animation_agreement_sag_aftra_1_45_0.md
2014 SAG-AFTRA TV Agreement,https://www.sagaftra.org/sites/default/files/2014_sag-aftra_tv_agreement_7.pdf,"This is the master agreement for television productions, and spells out the responsibilities of producers working in that medium.",Television Contracts,Television Animation,https://www.sagaftra.org/production-center/contract/811/getting-started,/Users/juankostelec/Google_drive/Projects/legal-assistant-bot/data/raw/2014_sag-aftra_tv_agreement_7.pdf,/Users/juankostelec/Google_drive/Projects/legal-assistant-bot/data/markdown/2014_sag-aftra_tv_agreement_7.md
2024 MOA National Code of Fair Practice for Network TV Broadcasting,https://www.sagaftra.org/sites/default/files/2024%20MOA%20National%20Code%20of%20Fair%20Practice%20for%20Network%20TV%20Broadcasting.pdf,This memorandum details modifications to the existing Network Code Agreement.,Television Contracts,Television Live Action,https://www.sagaftra.org/production-center/contract/812/getting-started,/Users/juankostelec/Google_drive/Projects/legal-assistant-bot/data/raw/2024%20MOA%20National%20Code%20of%20Fair%20Practice%20for%20Network%20TV%20Broadcasting.pdf,/Users/juankostelec/Google_drive/Projects/legal-assistant-bot/data/markdown/2024%20MOA%20National%20Code%20of%20Fair%20Practice%20for%20Network%20TV%20Broadcasting.md
2020 Theatrical/Television MOA,https://www.sagaftra.org/sites/default/files/2020%20SAG-AFTRA%20MOA%207-22-20%20%2800223283xBE9D7%29-signed.pdf,This memorandum details modifications to the existing Basic Agreement and Television Agreement,Television Contracts,Television Live Action,https://www.sagaftra.org/production-center/contract/812/getting-started,/Users/juankostelec/Google_drive/Projects/legal-assistant-bot/data/raw/2020%20SAG-AFTRA%20MOA%207-22-20%20%2800223283xBE9D7%29-signed.pdf,/Users/juankostelec/Google_drive/Projects/legal-assistant-bot/data/markdown/2020%20SAG-AFTRA%20MOA%207-22-20%20%2800223283xBE9D7%29-signed.md
2023 Theatrical/Television MOA,https://www.sagaftra.org/sites/default/files/2023_Theatrical_Television_MOA.pdf,,Television Contracts,Television Live Action,https://www.sagaftra.org/production-center/contract/812/getting-started,/Users/juankostelec/Google_drive/Projects/legal-assistant-bot/data/raw/2023_Theatrical_Television_MOA.pdf,/Users/juankostelec/Google_drive/Projects/legal-assistant-bot/data/markdown/2023_Theatrical_Television_MOA.md
2021 MOA National Code of Fair Practice for Network TV Broadcasting,https://www.sagaftra.org/sites/default/files/Network%20Code%202021-24%20MOA%20FE.pdf,This memorandum details modifications to the existing Network Code Agreement.,Television Contracts,Television Live Action,https://www.sagaftra.org/production-center/contract/812/getting-started,/Users/juankostelec/Google_drive/Projects/legal-assistant-bot/data/raw/Network%20Code%202021-24%20MOA%20FE.pdf,/Users/juankostelec/Google_drive/Projects/legal-assistant-bot/data/markdown/Network%20Code%202021-24%20MOA%20FE.md
2017 Theatrical/Television MOA,https://www.sagaftra.org/sites/default/files/2017_sag-aftra_theatrical-television_moa_7.pdf,This memorandum details modifications to the existing Basic Agreement and Television Agreement.,Television Contracts,Television Live Action,https://www.sagaftra.org/production-center/contract/812/getting-started,/Users/juankostelec/Google_drive/Projects/legal-assistant-bot/data/raw/2017_sag-aftra_theatrical-television_moa_7.pdf,/Users/juankostelec/Google_drive/Projects/legal-assistant-bot/data/markdown/2017_sag-aftra_theatrical-television_moa_7.md
2014-2018 SAG-AFTRA Network Code,https://www.sagaftra.org/sites/default/files/2014-2018_network_television_code_v13.pdf,"This is the master agreement for non-dramatic television productions, and spells out the responsibilities of producers working in that medium.",Television Contracts,Television Live Action,https://www.sagaftra.org/production-center/contract/812/getting-started,/Users/juankostelec/Google_drive/Projects/legal-assistant-bot/data/raw/2014-2018_network_television_code_v13.pdf,/Users/juankostelec/Google_drive/Projects/legal-assistant-bot/data/markdown/2014-2018_network_television_code_v13.md
2018 MOA National Code of Fair Practice for Network TV Broadcasting,https://www.sagaftra.org/sites/default/files/2018MOA-TV-National-Code_0.pdf,,Television Contracts,Television Live Action,https://www.sagaftra.org/production-center/contract/812/getting-started,/Users/juankostelec/Google_drive/Projects/legal-assistant-bot/data/raw/2018MOA-TV-National-Code_0.pdf,/Users/juankostelec/Google_drive/Projects/legal-assistant-bot/data/markdown/2018MOA-TV-National-Code_0.md
2018-2022 National Public Television MOA,https://www.sagaftra.org/sites/default/files/2018-2022PublicTVMOAFE_0.pdf,This outlines the updates to the 2010-2013 National Public Television Agreement and the 2013-2016 Public Television Memorandum of Agreement.,Television Contracts,Television Live Action,https://www.sagaftra.org/production-center/contract/812/getting-started,/Users/juankostelec/Google_drive/Projects/legal-assistant-bot/data/raw/2018-2022PublicTVMOAFE_0.pdf,/Users/juankostelec/Google_drive/Projects/legal-assistant-bot/data/markdown/2018-2022PublicTVMOAFE_0.md
2014 SAG-AFTRA Basic Agreement,https://www.sagaftra.org/sites/default/files/2014_sag-aftra_cba_1.pdf,"This is the master agreement for theatrical motion pictures, and spells out the responsibilities of producers working in that medium.",Television Contracts,Television Live Action,https://www.sagaftra.org/production-center/contract/812/getting-started,/Users/juankostelec/Google_drive/Projects/legal-assistant-bot/data/raw/2014_sag-aftra_cba_1.pdf,/Users/juankostelec/Google_drive/Projects/legal-assistant-bot/data/markdown/2014_sag-aftra_cba_1.md
2014 SAG-AFTRA TV Agreement,https://www.sagaftra.org/sites/default/files/2014_sag-aftra_tv_agreement_7.pdf,"This is the master agreement for television productions, and spells out the responsibilities of producers working in that medium.",Television Contracts,Television Live Action,https://www.sagaftra.org/production-center/contract/812/getting-started,/Users/juankostelec/Google_drive/Projects/legal-assistant-bot/data/raw/2014_sag-aftra_tv_agreement_7.pdf,/Users/juankostelec/Google_drive/Projects/legal-assistant-bot/data/markdown/2014_sag-aftra_tv_agreement_7.md
2020 SAG-AFTRA MOA 7-22-20,https://www.sagaftra.org/sites/default/files/2020%20SAG-AFTRA%20MOA%207-22-20%20%2800223283xBE9D7%29-signed.pdf,This memorandum details modifications to the existing Basic Agreement and Television Agreement,Theatrical Contracts,Theatrical (Basic or CBA),https://www.sagaftra.org/production-center/contract/818/getting-started,/Users/juankostelec/Google_drive/Projects/legal-assistant-bot/data/raw/2020%20SAG-AFTRA%20MOA%207-22-20%20%2800223283xBE9D7%29-signed.pdf,/Users/juankostelec/Google_drive/Projects/legal-assistant-bot/data/markdown/2020%20SAG-AFTRA%20MOA%207-22-20%20%2800223283xBE9D7%29-signed.md
2023 Theatrical/Television MOA,https://www.sagaftra.org/sites/default/files/2023_Theatrical_Television_MOA.pdf,,Theatrical Contracts,Theatrical (Basic or CBA),https://www.sagaftra.org/production-center/contract/818/getting-started,/Users/juankostelec/Google_drive/Projects/legal-assistant-bot/data/raw/2023_Theatrical_Television_MOA.pdf,/Users/juankostelec/Google_drive/Projects/legal-assistant-bot/data/markdown/2023_Theatrical_Television_MOA.md
2017 Theatrical/Television MOA,https://www.sagaftra.org/sites/default/files/2017_sag-aftra_theatrical-television_moa_7.pdf,This memorandum details modifications to the existing Basic Agreement and Television Agreement.,Theatrical Contracts,Theatrical (Basic or CBA),https://www.sagaftra.org/production-center/contract/818/getting-started,/Users/juankostelec/Google_drive/Projects/legal-assistant-bot/data/raw/2017_sag-aftra_theatrical-television_moa_7.pdf,/Users/juankostelec/Google_drive/Projects/legal-assistant-bot/data/markdown/2017_sag-aftra_theatrical-television_moa_7.md
2014 SAG-AFTRA Basic Agreement,https://www.sagaftra.org/sites/default/files/2014_sag-aftra_cba_1.pdf,"This is the master agreement for theatrical motion pictures, and spells out the responsibilities of producers working in that medium.",Theatrical Contracts,Theatrical (Basic or CBA),https://www.sagaftra.org/production-center/contract/818/getting-started,/Users/juankostelec/Google_drive/Projects/legal-assistant-bot/data/raw/2014_sag-aftra_cba_1.pdf,/Users/juankostelec/Google_drive/Projects/legal-assistant-bot/data/markdown/2014_sag-aftra_cba_1.md
2020 Theatrical Adherence Letter,https://www.sagaftra.org/sites/default/files/Independent%28TH%29AdherenceLetter%20%5BSAMPLE%5D.pdf,This is the form a producer signs to producer under the 2020 Theatrical Codified Basic Agreement.,Theatrical Contracts,Theatrical (Basic or CBA),https://www.sagaftra.org/production-center/contract/818/getting-started,/Users/juankostelec/Google_drive/Projects/legal-assistant-bot/data/raw/Independent%28TH%29AdherenceLetter%20%5BSAMPLE%5D.pdf,/Users/juankostelec/Google_drive/Projects/legal-assistant-bot/data/markdown/Independent%28TH%29AdherenceLetter%20%5BSAMPLE%5D.md
Low Budget Theatrical Agreement (LBA),https://www.sagaftra.org/sites/default/files/Low%20Budget%20Agreement%20Rev.%202.21.23%20SAMPLE.pdf,"This is the agreement for independent producers making theatrical films under $2,000,000.",Theatrical Contracts,Low Budget Theatrical (LBA),https://www.sagaftra.org/production-center/contract/814/getting-started,/Users/juankostelec/Google_drive/Projects/legal-assistant-bot/data/raw/Low%20Budget%20Agreement%20Rev.%202.21.23%20SAMPLE.pdf,/Users/juankostelec/Google_drive/Projects/legal-assistant-bot/data/markdown/Low%20Budget%20Agreement%20Rev.%202.21.23%20SAMPLE.md
2020 Theatrical/Television MOA,https://www.sagaftra.org/sites/default/files/2020%20SAG-AFTRA%20MOA%207-22-20%20%2800223283xBE9D7%29-signed.pdf,This memorandum details modifications to the existing Basic Agreement and Television Agreement,Theatrical Contracts,Low Budget Theatrical (LBA),https://www.sagaftra.org/production-center/contract/814/getting-started,/Users/juankostelec/Google_drive/Projects/legal-assistant-bot/data/raw/2020%20SAG-AFTRA%20MOA%207-22-20%20%2800223283xBE9D7%29-signed.pdf,/Users/juankostelec/Google_drive/Projects/legal-assistant-bot/data/markdown/2020%20SAG-AFTRA%20MOA%207-22-20%20%2800223283xBE9D7%29-signed.md
2023 Theatrical/Television MOA,https://www.sagaftra.org/sites/default/files/2023_Theatrical_Television_MOA.pdf,,Theatrical Contracts,Low Budget Theatrical (LBA),https://www.sagaftra.org/production-center/contract/814/getting-started,/Users/juankostelec/Google_drive/Projects/legal-assistant-bot/data/raw/2023_Theatrical_Television_MOA.pdf,/Users/juankostelec/Google_drive/Projects/legal-assistant-bot/data/markdown/2023_Theatrical_Television_MOA.md
2017 Theatrical/Television MOA,https://www.sagaftra.org/sites/default/files/2017_sag-aftra_theatrical-television_moa_7.pdf,This memorandum details modifications to the existing Basic Agreement and Television Agreement.,Theatrical Contracts,Low Budget Theatrical (LBA),https://www.sagaftra.org/production-center/contract/814/getting-started,/Users/juankostelec/Google_drive/Projects/legal-assistant-bot/data/raw/2017_sag-aftra_theatrical-television_moa_7.pdf,/Users/juankostelec/Google_drive/Projects/legal-assistant-bot/data/markdown/2017_sag-aftra_theatrical-television_moa_7.md
2014 SAG-AFTRA Basic Agreement,https://www.sagaftra.org/sites/default/files/2014_sag-aftra_cba_1.pdf,"This is the master agreement for theatrical motion pictures, and spells out the responsibilities of producers working in that medium.",Theatrical Contracts,Low Budget Theatrical (LBA),https://www.sagaftra.org/production-center/contract/814/getting-started,/Users/juankostelec/Google_drive/Projects/legal-assistant-bot/data/raw/2014_sag-aftra_cba_1.pdf,/Users/juankostelec/Google_drive/Projects/legal-assistant-bot/data/markdown/2014_sag-aftra_cba_1.md
2020 Theatrical Adherence Letter,https://www.sagaftra.org/sites/default/files/Independent%28TH%29AdherenceLetter%20%5BSAMPLE%5D.pdf,This is the form a producer signs to producer under the 2020 Theatrical Codified Basic Agreement.,Theatrical Contracts,Low Budget Theatrical (LBA),https://www.sagaftra.org/production-center/contract/814/getting-started,/Users/juankostelec/Google_drive/Projects/legal-assistant-bot/data/raw/Independent%28TH%29AdherenceLetter%20%5BSAMPLE%5D.pdf,/Users/juankostelec/Google_drive/Projects/legal-assistant-bot/data/markdown/Independent%28TH%29AdherenceLetter%20%5BSAMPLE%5D.md
Moderate Low Budget Project Agreement (MPA),https://www.sagaftra.org/sites/default/files/Moderate%20Low%20Budget%20Project%20Agreement%20%28MPA%29%20Rev.%202.21.23%20SAMPLE.pdf,"This is the agreement for independent producers making films under $700,000.",Theatrical Contracts,Moderate Low Budget Project (MPA),https://www.sagaftra.org/production-center/contract/815/getting-started,/Users/juankostelec/Google_drive/Projects/legal-assistant-bot/data/raw/Moderate%20Low%20Budget%20Project%20Agreement%20%28MPA%29%20Rev.%202.21.23%20SAMPLE.pdf,/Users/juankostelec/Google_drive/Projects/legal-assistant-bot/data/markdown/Moderate%20Low%20Budget%20Project%20Agreement%20%28MPA%29%20Rev.%202.21.23%20SAMPLE.md
2020 Theatrical/Television MOA,https://www.sagaftra.org/sites/default/files/2020%20SAG-AFTRA%20MOA%207-22-20%20%2800223283xBE9D7%29-signed.pdf,This memorandum details modifications to the existing Basic Agreement and Television Agreement,Theatrical Contracts,Moderate Low Budget Project (MPA),https://www.sagaftra.org/production-center/contract/815/getting-started,/Users/juankostelec/Google_drive/Projects/legal-assistant-bot/data/raw/2020%20SAG-AFTRA%20MOA%207-22-20%20%2800223283xBE9D7%29-signed.pdf,/Users/juankostelec/Google_drive/Projects/legal-assistant-bot/data/markdown/2020%20SAG-AFTRA%20MOA%207-22-20%20%2800223283xBE9D7%29-signed.md
2023 Theatrical/Television MOA,https://www.sagaftra.org/sites/default/files/2023_Theatrical_Television_MOA.pdf,,Theatrical Contracts,Moderate Low Budget Project (MPA),https://www.sagaftra.org/production-center/contract/815/getting-started,/Users/juankostelec/Google_drive/Projects/legal-assistant-bot/data/raw/2023_Theatrical_Television_MOA.pdf,/Users/juankostelec/Google_drive/Projects/legal-assistant-bot/data/markdown/2023_Theatrical_Television_MOA.md
2017 Theatrical/Television MOA,https://www.sagaftra.org/sites/default/files/2017_sag-aftra_theatrical-television_moa_7.pdf,This memorandum details modifications to the existing Basic Agreement and Television Agreement.,Theatrical Contracts,Moderate Low Budget Project (MPA),https://www.sagaftra.org/production-center/contract/815/getting-started,/Users/juankostelec/Google_drive/Projects/legal-assistant-bot/data/raw/2017_sag-aftra_theatrical-television_moa_7.pdf,/Users/juankostelec/Google_drive/Projects/legal-assistant-bot/data/markdown/2017_sag-aftra_theatrical-television_moa_7.md
2014 SAG-AFTRA Basic Agreement,https://www.sagaftra.org/sites/default/files/2014_sag-aftra_cba_1.pdf,"This is the master agreement for theatrical motion pictures, and spells out the responsibilities of producers working in that medium.",Theatrical Contracts,Moderate Low Budget Project (MPA),https://www.sagaftra.org/production-center/contract/815/getting-started,/Users/juankostelec/Google_drive/Projects/legal-assistant-bot/data/raw/2014_sag-aftra_cba_1.pdf,/Users/juankostelec/Google_drive/Projects/legal-assistant-bot/data/markdown/2014_sag-aftra_cba_1.md
2020 Indie Adherence Letter Non-episodic,https://www.sagaftra.org/sites/default/files/IndieAdherenceLetterNon-Episodic-12.1.20Sample.pdf,This is the form a producer signs to produce under the 2020 Codified Basic Agreement,Theatrical Contracts,Moderate Low Budget Project (MPA),https://www.sagaftra.org/production-center/contract/815/getting-started,/Users/juankostelec/Google_drive/Projects/legal-assistant-bot/data/raw/IndieAdherenceLetterNon-Episodic-12.1.20Sample.pdf,/Users/juankostelec/Google_drive/Projects/legal-assistant-bot/data/markdown/IndieAdherenceLetterNon-Episodic-12.1.20Sample.md
Ultra Low Budget Project Agreement (UPA),https://www.sagaftra.org/sites/default/files/Ultra%20Low%20Budget%20Project%20Agreement%20%28UPA%29%20Rev.%203.21.23%20SAMPLE.pdf,"This is the agreement for independent producers making films under $300,000.",Theatrical Contracts,Ultra Low Budget Project (UPA),https://www.sagaftra.org/production-center/contract/819/getting-started,/Users/juankostelec/Google_drive/Projects/legal-assistant-bot/data/raw/Ultra%20Low%20Budget%20Project%20Agreement%20%28UPA%29%20Rev.%203.21.23%20SAMPLE.pdf,/Users/juankostelec/Google_drive/Projects/legal-assistant-bot/data/markdown/Ultra%20Low%20Budget%20Project%20Agreement%20%28UPA%29%20Rev.%203.21.23%20SAMPLE.md
2020 Theatrical/Television MOA,https://www.sagaftra.org/sites/default/files/2020%20SAG-AFTRA%20MOA%207-22-20%20%2800223283xBE9D7%29-signed.pdf,This memorandum details modifications to the existing Basic Agreement and Television Agreement,Theatrical Contracts,Ultra Low Budget Project (UPA),https://www.sagaftra.org/production-center/contract/819/getting-started,/Users/juankostelec/Google_drive/Projects/legal-assistant-bot/data/raw/2020%20SAG-AFTRA%20MOA%207-22-20%20%2800223283xBE9D7%29-signed.pdf,/Users/juankostelec/Google_drive/Projects/legal-assistant-bot/data/markdown/2020%20SAG-AFTRA%20MOA%207-22-20%20%2800223283xBE9D7%29-signed.md
2023 Theatrical/Television MOA,https://www.sagaftra.org/sites/default/files/2023_Theatrical_Television_MOA.pdf,,Theatrical Contracts,Ultra Low Budget Project (UPA),https://www.sagaftra.org/production-center/contract/819/getting-started,/Users/juankostelec/Google_drive/Projects/legal-assistant-bot/data/raw/2023_Theatrical_Television_MOA.pdf,/Users/juankostelec/Google_drive/Projects/legal-assistant-bot/data/markdown/2023_Theatrical_Television_MOA.md
2017 Theatrical/Television MOA,https://www.sagaftra.org/sites/default/files/2017_sag-aftra_theatrical-television_moa_7.pdf,This memorandum details modifications to the existing Basic Agreement and Television Agreement.,Theatrical Contracts,Ultra Low Budget Project (UPA),https://www.sagaftra.org/production-center/contract/819/getting-started,/Users/juankostelec/Google_drive/Projects/legal-assistant-bot/data/raw/2017_sag-aftra_theatrical-television_moa_7.pdf,/Users/juankostelec/Google_drive/Projects/legal-assistant-bot/data/markdown/2017_sag-aftra_theatrical-television_moa_7.md
2014 SAG-AFTRA Basic Agreement,https://www.sagaftra.org/sites/default/files/2014_sag-aftra_cba_1.pdf,"This is the master agreement for theatrical motion pictures, and spells out the responsibilities of producers working in that medium.",Theatrical Contracts,Ultra Low Budget Project (UPA),https://www.sagaftra.org/production-center/contract/819/getting-started,/Users/juankostelec/Google_drive/Projects/legal-assistant-bot/data/raw/2014_sag-aftra_cba_1.pdf,/Users/juankostelec/Google_drive/Projects/legal-assistant-bot/data/markdown/2014_sag-aftra_cba_1.md
2020 Indie Adherence Letter Non-episodic,https://www.sagaftra.org/sites/default/files/IndieAdherenceLetterNon-Episodic-12.1.20Sample.pdf,This is the form a producer signs to produce under the 2020 Codified Basic Agreement,Theatrical Contracts,Ultra Low Budget Project (UPA),https://www.sagaftra.org/production-center/contract/819/getting-started,/Users/juankostelec/Google_drive/Projects/legal-assistant-bot/data/raw/IndieAdherenceLetterNon-Episodic-12.1.20Sample.pdf,/Users/juankostelec/Google_drive/Projects/legal-assistant-bot/data/markdown/IndieAdherenceLetterNon-Episodic-12.1.20Sample.md
Short Project Agreement (SPA),https://www.sagaftra.org/sites/default/files/Short%20Project%20Agreement%20%28SPA%29%20Rev.%202.21.23%20SAMPLE.pdf,"This is the Agreement for Short Projects shooting entirely in the US with a maximum total budget of $50,000 and a maximum total run time of 40 minutes.",Theatrical Contracts,Short Project (SPA),https://www.sagaftra.org/production-center/contract/886/getting-started,/Users/juankostelec/Google_drive/Projects/legal-assistant-bot/data/raw/Short%20Project%20Agreement%20%28SPA%29%20Rev.%202.21.23%20SAMPLE.pdf,/Users/juankostelec/Google_drive/Projects/legal-assistant-bot/data/markdown/Short%20Project%20Agreement%20%28SPA%29%20Rev.%202.21.23%20SAMPLE.md
Student Film Agreement,https://www.sagaftra.org/sites/default/files/studentfilmagreement_1_11_0_0.pdf,"This is the agreement for a student enrolled in an accredited school for films under 35 minutes and under $35,000 in budget.",Theatrical Contracts,Student Film,https://www.sagaftra.org/production-center/contract/817/getting-started,/Users/juankostelec/Google_drive/Projects/legal-assistant-bot/data/raw/studentfilmagreement_1_11_0_0.pdf,/Users/juankostelec/Google_drive/Projects/legal-assistant-bot/data/markdown/studentfilmagreement_1_11_0_0.md
Micro-Budget Project Agreement,https://www.sagaftra.org/sites/default/files/2020_Micro-Budget_Project_%20AgreementWatermark.pdf,Sample PDF,Theatrical Contracts,Micro-Budget Projects,https://www.sagaftra.org/production-center/contract/968/getting-started,/Users/juankostelec/Google_drive/Projects/legal-assistant-bot/data/raw/2020_Micro-Budget_Project_%20AgreementWatermark.pdf,/Users/juankostelec/Google_drive/Projects/legal-assistant-bot/data/markdown/2020_Micro-Budget_Project_%20AgreementWatermark.md
2017 New Media Agreement for Dramatic Programs (Deferrable),https://www.sagaftra.org/sites/default/files/2017_new_media_agreement_for_dramatic_programs_sample.pdf,"This is the agreement for independent producers creating new media content under $50,000.",New Media Contracts,New Media (Deferrable),https://www.sagaftra.org/production-center/contract/805/getting-started,/Users/juankostelec/Google_drive/Projects/legal-assistant-bot/data/raw/2017_new_media_agreement_for_dramatic_programs_sample.pdf,/Users/juankostelec/Google_drive/Projects/legal-assistant-bot/data/markdown/2017_new_media_agreement_for_dramatic_programs_sample.md
2023 Theatrical/Television MOA,https://www.sagaftra.org/sites/default/files/2023_Theatrical_Television_MOA.pdf,Informational / Guide PDF,New Media Contracts,New Media (Deferrable),https://www.sagaftra.org/production-center/contract/805/getting-started,/Users/juankostelec/Google_drive/Projects/legal-assistant-bot/data/raw/2023_Theatrical_Television_MOA.pdf,/Users/juankostelec/Google_drive/Projects/legal-assistant-bot/data/markdown/2023_Theatrical_Television_MOA.md
2023 Theatrical/Television MOA,https://www.sagaftra.org/sites/default/files/2023_Theatrical_Television_MOA.pdf,Informational / Guide PDF,New Media Contracts,Special New Media,https://www.sagaftra.org/production-center/contract/908/getting-started,/Users/juankostelec/Google_drive/Projects/legal-assistant-bot/data/raw/2023_Theatrical_Television_MOA.pdf,/Users/juankostelec/Google_drive/Projects/legal-assistant-bot/data/markdown/2023_Theatrical_Television_MOA.md
Moderate Low Budget Project Agreement (MPA),https://www.sagaftra.org/sites/default/files/Moderate%20Low%20Budget%20Project%20Agreement%20%28MPA%29%20Rev.%202.21.23%20SAMPLE.pdf,"This is the agreement for independent producers making films under $700,000. Sample PDF",New Media Contracts,Moderate Low Budget Project,https://www.sagaftra.org/production-center/contract/909/getting-started,/Users/juankostelec/Google_drive/Projects/legal-assistant-bot/data/raw/Moderate%20Low%20Budget%20Project%20Agreement%20%28MPA%29%20Rev.%202.21.23%20SAMPLE.pdf,/Users/juankostelec/Google_drive/Projects/legal-assistant-bot/data/markdown/Moderate%20Low%20Budget%20Project%20Agreement%20%28MPA%29%20Rev.%202.21.23%20SAMPLE.md
2020 Theatrical/Television MOA,https://www.sagaftra.org/sites/default/files/2020%20SAG-AFTRA%20MOA%207-22-20%20%2800223283xBE9D7%29-signed.pdf,"This memorandum details modifications to the existing Basic Agreement and Television Agreement 
Informational / Guide PDF",New Media Contracts,Moderate Low Budget Project,https://www.sagaftra.org/production-center/contract/909/getting-started,/Users/juankostelec/Google_drive/Projects/legal-assistant-bot/data/raw/2020%20SAG-AFTRA%20MOA%207-22-20%20%2800223283xBE9D7%29-signed.pdf,/Users/juankostelec/Google_drive/Projects/legal-assistant-bot/data/markdown/2020%20SAG-AFTRA%20MOA%207-22-20%20%2800223283xBE9D7%29-signed.md
2023 Theatrical/Television MOA,https://www.sagaftra.org/sites/default/files/2023_Theatrical_Television_MOA.pdf,Informational / Guide PDF,New Media Contracts,Moderate Low Budget Project,https://www.sagaftra.org/production-center/contract/909/getting-started,/Users/juankostelec/Google_drive/Projects/legal-assistant-bot/data/raw/2023_Theatrical_Television_MOA.pdf,/Users/juankostelec/Google_drive/Projects/legal-assistant-bot/data/markdown/2023_Theatrical_Television_MOA.md
2017 Theatrical/Television MOA,https://www.sagaftra.org/sites/default/files/2017_sag-aftra_theatrical-television_moa_7.pdf,This memorandum details modifications to the existing Basic Agreement and Television Agreement. Informational / Guide PDF,New Media Contracts,Moderate Low Budget Project,https://www.sagaftra.org/production-center/contract/909/getting-started,/Users/juankostelec/Google_drive/Projects/legal-assistant-bot/data/raw/2017_sag-aftra_theatrical-television_moa_7.pdf,/Users/juankostelec/Google_drive/Projects/legal-assistant-bot/data/markdown/2017_sag-aftra_theatrical-television_moa_7.md
2014 SAG-AFTRA Basic Agreement,https://www.sagaftra.org/sites/default/files/2014_sag-aftra_cba_1.pdf,"This is the master agreement for theatrical motion pictures, and spells out the responsibilities of producers working in that medium. Informational / Guide PDF",New Media Contracts,Moderate Low Budget Project,https://www.sagaftra.org/production-center/contract/909/getting-started,/Users/juankostelec/Google_drive/Projects/legal-assistant-bot/data/raw/2014_sag-aftra_cba_1.pdf,/Users/juankostelec/Google_drive/Projects/legal-assistant-bot/data/markdown/2014_sag-aftra_cba_1.md
2020 Indie Adherence Letter Non-episodic,https://www.sagaftra.org/sites/default/files/IndieAdherenceLetterNon-Episodic-12.1.20Sample.pdf,This is the form a producer signs to produce under the 2020 Codified Basic Agreement Sample PDF,New Media Contracts,Moderate Low Budget Project,https://www.sagaftra.org/production-center/contract/909/getting-started,/Users/juankostelec/Google_drive/Projects/legal-assistant-bot/data/raw/IndieAdherenceLetterNon-Episodic-12.1.20Sample.pdf,/Users/juankostelec/Google_drive/Projects/legal-assistant-bot/data/markdown/IndieAdherenceLetterNon-Episodic-12.1.20Sample.md
Ultra Low Budget Project Agreement (UPA),https://www.sagaftra.org/sites/default/files/Ultra%20Low%20Budget%20Project%20Agreement%20%28UPA%29%20Rev.%203.21.23%20SAMPLE.pdf,"This is the agreement for independent producers making films under $300,000.",New Media Contracts,Ultra Low Budget Project,https://www.sagaftra.org/production-center/contract/910/getting-started,/Users/juankostelec/Google_drive/Projects/legal-assistant-bot/data/raw/Ultra%20Low%20Budget%20Project%20Agreement%20%28UPA%29%20Rev.%203.21.23%20SAMPLE.pdf,/Users/juankostelec/Google_drive/Projects/legal-assistant-bot/data/markdown/Ultra%20Low%20Budget%20Project%20Agreement%20%28UPA%29%20Rev.%203.21.23%20SAMPLE.md
2020 Theatrical/Television MOA,https://www.sagaftra.org/sites/default/files/2020%20SAG-AFTRA%20MOA%207-22-20%20%2800223283xBE9D7%29-signed.pdf,This memorandum details modifications to the existing Basic Agreement and Television Agreement,New Media Contracts,Ultra Low Budget Project,https://www.sagaftra.org/production-center/contract/910/getting-started,/Users/juankostelec/Google_drive/Projects/legal-assistant-bot/data/raw/2020%20SAG-AFTRA%20MOA%207-22-20%20%2800223283xBE9D7%29-signed.pdf,/Users/juankostelec/Google_drive/Projects/legal-assistant-bot/data/markdown/2020%20SAG-AFTRA%20MOA%207-22-20%20%2800223283xBE9D7%29-signed.md
2023 Theatrical/Television MOA,https://www.sagaftra.org/sites/default/files/2023_Theatrical_Television_MOA.pdf,,New Media Contracts,Ultra Low Budget Project,https://www.sagaftra.org/production-center/contract/910/getting-started,/Users/juankostelec/Google_drive/Projects/legal-assistant-bot/data/raw/2023_Theatrical_Television_MOA.pdf,/Users/juankostelec/Google_drive/Projects/legal-assistant-bot/data/markdown/2023_Theatrical_Television_MOA.md
2017 Theatrical/Television MOA,https://www.sagaftra.org/sites/default/files/2017_sag-aftra_theatrical-television_moa_7.pdf,This memorandum details modifications to the existing Basic Agreement and Television Agreement.,New Media Contracts,Ultra Low Budget Project,https://www.sagaftra.org/production-center/contract/910/getting-started,/Users/juankostelec/Google_drive/Projects/legal-assistant-bot/data/raw/2017_sag-aftra_theatrical-television_moa_7.pdf,/Users/juankostelec/Google_drive/Projects/legal-assistant-bot/data/markdown/2017_sag-aftra_theatrical-television_moa_7.md
2014 SAG-AFTRA Basic Agreement,https://www.sagaftra.org/sites/default/files/2014_sag-aftra_cba_1.pdf,"This is the master agreement for theatrical motion pictures, and spells out the responsibilities of producers working in that medium.",New Media Contracts,Ultra Low Budget Project,https://www.sagaftra.org/production-center/contract/910/getting-started,/Users/juankostelec/Google_drive/Projects/legal-assistant-bot/data/raw/2014_sag-aftra_cba_1.pdf,/Users/juankostelec/Google_drive/Projects/legal-assistant-bot/data/markdown/2014_sag-aftra_cba_1.md
2020 Indie Adherence Letter Non-episodic,https://www.sagaftra.org/sites/default/files/IndieAdherenceLetterNon-Episodic-12.1.20Sample.pdf,This is the form a producer signs to produce under the 2020 Codified Basic Agreement,New Media Contracts,Ultra Low Budget Project,https://www.sagaftra.org/production-center/contract/910/getting-started,/Users/juankostelec/Google_drive/Projects/legal-assistant-bot/data/raw/IndieAdherenceLetterNon-Episodic-12.1.20Sample.pdf,/Users/juankostelec/Google_drive/Projects/legal-assistant-bot/data/markdown/IndieAdherenceLetterNon-Episodic-12.1.20Sample.md
Short Project Agreement (SPA),https://www.sagaftra.org/sites/default/files/Short%20Project%20Agreement%20%28SPA%29%20Rev.%202.21.23%20SAMPLE.pdf,"This is the Agreement for Short Projects shooting entirely in the US with a maximum total budget of $50,000 and a maximum total run time of 40 minutes. ",New Media Contracts,Short Project (SPA),https://www.sagaftra.org/production-center/contract/885/getting-started,/Users/juankostelec/Google_drive/Projects/legal-assistant-bot/data/raw/Short%20Project%20Agreement%20%28SPA%29%20Rev.%202.21.23%20SAMPLE.pdf,/Users/juankostelec/Google_drive/Projects/legal-assistant-bot/data/markdown/Short%20Project%20Agreement%20%28SPA%29%20Rev.%202.21.23%20SAMPLE.md
Micro-Budget Project Agreement,https://www.sagaftra.org/sites/default/files/2020_Micro-Budget_Project_%20AgreementWatermark.pdf,Sample PDF,New Media Contracts,Micro-Budget Projects,https://www.sagaftra.org/production-center/contract/967/getting-started,/Users/juankostelec/Google_drive/Projects/legal-assistant-bot/data/raw/2020_Micro-Budget_Project_%20AgreementWatermark.pdf,/Users/juankostelec/Google_drive/Projects/legal-assistant-bot/data/markdown/2020_Micro-Budget_Project_%20AgreementWatermark.md
